,text,query,id,author_id,created_at,query_time
0,"I've just claimed my name jerry01.xplorer.stark with Argent-X to become eligible for the second Xplorer NFT.

Snapshot will be taken on 16 May 23:59 UTC ğŸ‘€

Register yours before it's too late on https://t.co/vhVcy2MPZB",Starknet,1656670699090751491,1426344503435317250,,2023-05-11T14-40-58
1,"Just achieved an 70.25s score in #StarkFighter ğŸ•¹ï¸ !  - truusthq.xplorer.stark

Think you can outscore me ? 

Give it a shot at https://t.co/fqQFmUJLgi and stand a chance to win over $10,000 worth of #Starknet prizes !",Starknet,1656670695764660225,130808213,,2023-05-11T14-40-58
2,"Just achieved an 33.66s score in #StarkFighter ğŸ•¹ï¸ !  - marcobenez.xplorer.stark

Think you can outscore me ? 

Give it a shot at https://t.co/sALRQuYpkf and stand a chance to win over $10,000 worth of #Starknet prizes !",Starknet,1656670691369046018,490535932,,2023-05-11T14-40-58
3,"Just achieved an 19.23s score in #StarkFighter ğŸ•¹ï¸ !  - 0x007.xplorer.stark

Think you can outscore me ? 

Give it a shot at https://t.co/Jv8n8FmYOq and stand a chance to win over $10,000 worth of #Starknet prizes !",Starknet,1656670688760180738,1531344808329023489,,2023-05-11T14-40-58
4,"Just achieved an 1.28s score in #StarkFighter ğŸ•¹ï¸ !  - olivka.stark

Think you can outscore me ? 

Give it a shot at https://t.co/SeNkghYMwJ and stand a chance to win over $10,000 worth of #Starknet prizes !",Starknet,1656670688164614146,1251457306363076645,,2023-05-11T14-40-58
5,"Just achieved an 7.12s score in #StarkFighter ğŸ•¹ï¸ !  - income4me.stark

Think you can outscore me ? 

Give it a shot at https://t.co/TGysOtaHae and stand a chance to win over $10,000 worth of #Starknet prizes !",Starknet,1656670686545600519,1356240119645302785,,2023-05-11T14-40-58
6,"Just achieved an 115.28s score in #StarkFighter ğŸ•¹ï¸ !  - tianxiawushuang.braavos.stark

Think you can outscore me ? 

Give it a shot at https://t.co/8btePke80Q and stand a chance to win over $10,000 worth of #Starknet prizes !",Starknet,1656670686386200580,622023715,,2023-05-11T14-40-58
7,"Just achieved an 64.23s score in #StarkFighter ğŸ•¹ï¸ !  - gino.braavos.stark

Think you can outscore me ? 

Give it a shot at https://t.co/luk8M8uozC and stand a chance to win over $10,000 worth of #Starknet prizes !",Starknet,1656670686335897605,1423761873430884357,,2023-05-11T14-40-58
8,"Just achieved an 111.67s score in #StarkFighter ğŸ•¹ï¸ !  - klkemwpppf2.stark

Think you can outscore me ? 

Give it a shot at https://t.co/oi6arHTjn3 and stand a chance to win over $10,000 worth of #Starknet prizes !",Starknet,1656670680660979712,2497724888,,2023-05-11T14-40-58
9,"I've just claimed my name jennixxo.xplorer.stark with Argent-X to become eligible for the second Xplorer NFT.

Snapshot will be taken on 16 May 23:59 UTC ğŸ‘€

Register yours before it's too late on https://t.co/4WZDAG7We3",Starknet,1656670680560328709,1635514369621499906,,2023-05-11T14-40-58
0,"@crypto Starkdefi, Q1 will see StarkDeFi focus heavily on the design and development of our Launchpad â€˜StarkPadâ€™ which aims to be the leading launchpad on Starknet. @StarkDefi",StarkNet development,1656480987226816515,1105214169106837509,,2023-05-11T14-46-48
1,"#DeFi #StarkDeFi 
Roadmap Release

Q1 will see StarkDeFi focus heavily on the design and development of our Launchpad â€˜StarkPadâ€™ which aims to be the leading launchpad on Starknet.",StarkNet development,1656377039782330375,1355092962867355648,,2023-05-11T14-46-48
2,"ğŸ‰ Stay tuned for more updates on our game design process, as well as exclusive sneak peeks and behind-the-scenes looks at our development journey. #StarkNet #onchaingaming
(7/7)",StarkNet development,1656291701449973760,1461363941825671173,,2023-05-11T14-46-48
3,"@HCGemAlerts @zkLend @TrangLilit @moemomew What is the current state of development for Starknet, and how does it factor into zkLend's roadmap for scalability and efficiency?",StarkNet development,1656269979636080641,1438790232342630400,,2023-05-11T14-46-48
4,"@zkLend @gleamapp @Starknet The project was executed in a very professional manner and had a clearly development plan. Without a doubt ,this is one of the best projects out there.

@Tushar1Sarkar 
@MdsazibKhan13 
@Arrume35 

#Giveaway #BSC",StarkNet development,1656249142405111811,1640211721913614336,,2023-05-11T14-46-48
5,"@c_challengers @Starknet @argentHQ @StarkWareLtd Which one of these aspects is important for you?

1-Increasing Token Price &amp; Value
2-Empowering Platform Development
3-Building Community Trust
4-Expanding Partnership Globally
  In what order?
@poloa_1 @Sofiya_ox @BonjourAxxel",StarkNet development,1656223126777384960,1422764840972480515,,2023-05-11T14-46-48
6,"@c_challengers @Starknet @argentHQ @StarkWareLtd With the advantage of being the leading project in DEX exchanges trading perpetual contracts on BSC, the future development of this project is inevitable. Let's learn more about STARKNET &amp; ARGENT through AMA this May 12 ğŸŒğŸŒ¸
@PPytoir @bookwurom @nolanjustin3",StarkNet development,1656222146107183105,1422764840972480515,,2023-05-11T14-46-48
7,"@c_challengers @Starknet @argentHQ @StarkWareLtd What are the plans in global expansion? Are you focusing on market at this time or focus on building and development or getting customers and users, or partnerships?

@BAdwaid
@rudran181
@RenukaBNair2",StarkNet development,1656221382815141888,1377302809746440195,,2023-05-11T14-46-48
8,"@c_challengers @Starknet @argentHQ @StarkWareLtd For a project development first of all main priority is having enough fund. Does your team financially capable to run this project?  Do you have enough fund for it is developement Can you tell us that how your project generate the profit?

@shihadk6785 
@Akash57470143 
@ShanuAKZ",StarkNet development,1656219837461581830,1002818841599098882,,2023-05-11T14-46-48
9,About the Cairo Development category https://t.co/6nXiB5wYeR,StarkNet development,1656184719602745344,1384893838297210885,,2023-05-11T14-46-48
0,"#Sui, a new #blockchain project built on #StarkNet and integrated with #MetaMask. Exciting to see what the future holds! What wallets do you use to manage your #crypto holdings?",StarkNet new project -is:reply -is:retweet,1656297757575921664,1618725028173848576,2023-05-10T13:58:52.000Z,2023-05-11T15-53-28
1,We released a new version of starknet-react and create-starknet! This version improves wallet connectivity when switching wallet accounts and networks (thanks to @FlorianBellotti) and automatically detects and install dependencies when creating a new project (thanks to @0x_Yohan),StarkNet new project -is:reply -is:retweet,1655905177843400705,1334941075593682945,2023-05-09T11:58:54.000Z,2023-05-11T15-53-28
2,"ğŸš€ Exciting news! I am internally testing my new ""Question Answering Over #Cairo #Starknet #Rust  Docs"" project.  

ğŸ‰ This innovative tool leverages @LangChainAI and #Milvus

Making knowledge discovery a breeze! Stay tuned for more updates. 

@Starknet @StarkNet_ZH https://t.co/hrvFAsbbjD",StarkNet new project -is:reply -is:retweet,1654698327097872384,1459557999798743047,2023-05-06T04:03:18.000Z,2023-05-11T15-53-28
3,A new #Starknet project soon on Mainnet ! https://t.co/VNCrewBEBT,StarkNet new project -is:reply -is:retweet,1654661642419052547,1302343118285660162,2023-05-06T01:37:32.000Z,2023-05-11T15-53-28
4,"The next good project this is a good project going forward. hopefully it will be a new hope and provide good progress
@Ryg_marshmellow #starknet #AInft",StarkNet new project -is:reply -is:retweet,1654473767761084416,567012596,2023-05-05T13:10:59.000Z,2023-05-11T15-53-28
5,Grab it for new project on starknet and don't miss to follow @Ryg_marshmellow #starknet #AInft,StarkNet new project -is:reply -is:retweet,1654465626910650368,1328343754864922625,2023-05-05T12:38:38.000Z,2023-05-11T15-53-28
6,"New pfp -&gt; @Everai collection just looks so cool... I simply couldn't resist!

Real big up to @ScreenshotLabs for building such a cool project on #Starknet

I'll keep a very close eye to its development, and why not, contribute in some way if I canğŸ™‚

#KeepStarknetStrange
#Everai https://t.co/yMApeH8SKv",StarkNet new project -is:reply -is:retweet,1654235560578359299,1433062686665891842,2023-05-04T21:24:26.000Z,2023-05-11T15-53-28
0,"Hey #Starknet family,
I just got my own @Starknet_id passport &amp; domain name

I'm learning Cairo fast... can't wait to contribute on some partner apps and develop the ecosystem! https://t.co/8K9uB3fjL5",StarkNet develop has:mentions has:links -is:reply -is:retweet lang:en,1654230229286518786,1433062686665891842,2023-05-04T21:03:15.000Z,2023-05-11T16-11-49
0,"very good project. and I hope to continue to progress and develop with this projectğŸ¥°

@Ryg_marshmellow #starknet #AInft",StarkNet develop has:mentions -is:reply -is:retweet lang:en,1654508078128336896,1382750933965185024,2023-05-05T15:27:19.000Z,2023-05-11T16-11-17
1,"Amazing.
who earnestly will surely succeed. I'm sure this project will develop for the better, let's join.

@Ryg_marshmellow #starknet #AInft",StarkNet develop has:mentions -is:reply -is:retweet lang:en,1654501792921600004,182642996,2023-05-05T15:02:21.000Z,2023-05-11T16-11-17
2,"i really believe that this project will really go a long way to put smile in our face. I hope this project will develop well and will be on the moon.

@Ryg_marshmellow #starknet #AInft",StarkNet develop has:mentions -is:reply -is:retweet lang:en,1654485019316846595,1473944101473030149,2023-05-05T13:55:42.000Z,2023-05-11T16-11-17
3,"Powerful and impressive project. I support this project can be successful. I see this project is very active, hopefully it will develop quickly. very awesome project. i like this nft

@Ryg_marshmellow #starknet #AInft",StarkNet develop has:mentions -is:reply -is:retweet lang:en,1654484803914268674,1609103664198869002,2023-05-05T13:54:50.000Z,2023-05-11T16-11-17
4,"Powerful and impressive project. I support this project can be successful. I see this project is very active, hopefully it will develop quickly.
very awesome project. i like this nft
@Ryg_marshmellow #starknet #AInft",StarkNet develop has:mentions -is:reply -is:retweet lang:en,1654482867806777346,1560693369357365248,2023-05-05T13:47:09.000Z,2023-05-11T16-11-17
5,"Thank you so much for this very good giveaway, we are very happy and touched to hear that, hopefully the future will get better, and it will develop from time to time.

@Ryg_marshmellow #starknet #AInft",StarkNet develop has:mentions -is:reply -is:retweet lang:en,1654472649077293062,1585869342960295937,2023-05-05T13:06:32.000Z,2023-05-11T16-11-17
6,"Hey #Starknet family,
I just got my own @Starknet_id passport &amp; domain name

I'm learning Cairo fast... can't wait to contribute on some partner apps and develop the ecosystem! https://t.co/8K9uB3fjL5",StarkNet develop has:mentions -is:reply -is:retweet lang:en,1654230229286518786,1433062686665891842,2023-05-04T21:03:15.000Z,2023-05-11T16-11-17
0,"I'm claiming testnet tokens for @10KSwap, an open sourced AMM protocol built on StarkNet in Cairo. 
10KSwap mainnet has been launched: https://t.co/t3VBYP3Jj6 

My Address: 0x7856527a1407f9f2b329743c7d0e776f7b3895abecfa33e83ff686803a6048d

Testnet: https://t.co/4z3aBfEVRX",StarkNet CAIRO -is:reply -is:retweet lang:en,1656653038063620098,1519424219683119104,2023-05-11T13:30:38.000Z,2023-05-11T16-05-30
1,"I'm claiming testnet tokens for @10KSwap, an open sourced AMM protocol built on StarkNet in Cairo. 
10KSwap mainnet has been launched: https://t.co/PZ472E2mfj 

My Address: 0x319f2cccb1828577df09058bb485f306178cc2714a020593062a3448b80113e

Testnet: https://t.co/6vP1FSntJ5",StarkNet CAIRO -is:reply -is:retweet lang:en,1656651711279247360,1468828562807533573,2023-05-11T13:25:21.000Z,2023-05-11T16-05-30
2,"Is there something like CryptoZombies for Cairo? ğŸ§Ÿâ€â™‚ï¸
What is the best interactive way to learn Cairo? @Starknet @StarknetEco @StarkWareLtd",StarkNet CAIRO -is:reply -is:retweet lang:en,1656613152665088003,502921484,2023-05-11T10:52:08.000Z,2023-05-11T16-05-30
3,"ğŸ“šStarknet for Everybody - Class 1âƒ£4âƒ£

ğŸ‘‰ğŸ¾StarkNet Dev Infrastructure - Part 1/3ğŸ‘ˆ

If you're a Developer who's considering to learn the Cairo Programming Language and start building on Starknet, this part of the course is the most relevant one for you. https://t.co/NOZNxZ8r3H",StarkNet CAIRO -is:reply -is:retweet lang:en,1656606822227226624,1489498059042172931,2023-05-11T10:26:59.000Z,2023-05-11T16-05-30
4,"Just achieved an 7.70s score in #StarkFighter ğŸ•¹ï¸ !  - cairo.xplorer.stark

Think you can outscore me ? 

Give it a shot at https://t.co/ZoEU7NYkyn and stand a chance to win over $10,000 worth of #Starknet prizes !",StarkNet CAIRO -is:reply -is:retweet lang:en,1656605408046219267,1380237872989663242,2023-05-11T10:21:22.000Z,2023-05-11T16-05-30
5,"NEW prerelease of ğ˜€ğ˜ğ—®ğ—¿ğ—¸ğ—»ğ—²ğ˜-ğ—µğ—®ğ—¿ğ—±ğ—µğ—®ğ˜-ğ—½ğ—¹ğ˜‚ğ—´ğ—¶ğ—» ğ˜ƒğŸ¬.ğŸ´.ğŸ¬-ğ—®ğ—¹ğ—½ğ—µğ—®.ğŸ® is out!!!

Improved Cairo 1 support:
â€¢ more types in function input/output     
â€¢ event support     
â€¢ declaration fee estimation 

Read more in the release notes ğŸ‘‰https://t.co/o5MCzlG9fr https://t.co/qESuckFC69",StarkNet CAIRO -is:reply -is:retweet lang:en,1656605355248369664,1498307190683230208,2023-05-11T10:21:09.000Z,2023-05-11T16-05-30
6,"Just achieved an 1.19s score in #StarkFighter ğŸ•¹ï¸ !  - cairo.xplorer.stark

Think you can outscore me ? 

Give it a shot at https://t.co/ZoEU7NYkyn and stand a chance to win over $10,000 worth of #Starknet prizes !",StarkNet CAIRO -is:reply -is:retweet lang:en,1656605136905437186,1380237872989663242,2023-05-11T10:20:17.000Z,2023-05-11T16-05-30
7,"Cairo 1.0 boosts contract writing safety &amp; efficiency, rocking a Rust-inspired syntax &amp; fully-fledged type system. 

Jump into the deets of the open-source Starknet stack in this blog post by @eniwhere_ ! 

https://t.co/vHtHkts2b1",StarkNet CAIRO -is:reply -is:retweet lang:en,1656569964734676993,1463071986515599362,2023-05-11T08:00:31.000Z,2023-05-11T16-05-30
8,"ğŸ‰ We just updated the 13th Chapter of WTF Cairo: `Option`! 
The `Option` enum in Cairo encodes the possibility of a value being present or absent. It's more secure than `Null` values in other programming languages! ğŸš€
#Starknet #Cairo
https://t.co/49E6EKlotD https://t.co/E2npK48ZZ0 https://t.co/cCZLzWK2hg",StarkNet CAIRO -is:reply -is:retweet lang:en,1656557903439101958,1576206809894748160,2023-05-11T07:12:36.000Z,2023-05-11T16-05-30
9,"I'm claiming testnet tokens for @10KSwap, an open sourced AMM protocol built on StarkNet in Cairo. 
10KSwap mainnet has been launched: https://t.co/KSiE1FGcwP 

My Address: 0x3272779ed557da9c0a0593a6f221c9410e5f892c7411713a9cbae29240a2ff

Testnet: https://t.co/zU0lit54F4",StarkNet CAIRO -is:reply -is:retweet lang:en,1656488815857647616,1534805788580933632,2023-05-11T02:38:04.000Z,2023-05-11T16-05-30
10,"I'm claiming testnet tokens for @10KSwap, an open sourced AMM protocol built on StarkNet in Cairo. 
10KSwap mainnet has been launched: https://t.co/qt3DksaIgs 

My Address: 0x68757e9a0603506a50b9a8469b86377a0dcb95d88560a371dd5e4ce392a8573

Testnet: https://t.co/jVTKeIp39B",StarkNet CAIRO -is:reply -is:retweet lang:en,1656382190383517697,1616862914262233088,2023-05-10T19:34:22.000Z,2023-05-11T16-05-30
11,"I'm claiming testnet tokens for @10KSwap, an open sourced AMM protocol built on StarkNet in Cairo. 
10KSwap mainnet has been launched: https://t.co/MUI7DqjCWJ 

My Address: 0xdebea97e00bc7542e8ed601a8681d0dd68778aa8b3a8dd4085e0c1a8c6b551

Testnet: https://t.co/825t7CLGs5",StarkNet CAIRO -is:reply -is:retweet lang:en,1656381849269161998,3130978919,2023-05-10T19:33:01.000Z,2023-05-11T16-05-30
12,"ğŸš€ @0xAA_Science and @robertkp13 updated WTF Cairo Chapter 12: Pattern Matching.  
We introduced the `match` keyword for pattern matching, including the exhaustive nature of matching and pattern binding. #Starknet https://t.co/49E6EKlotD https://t.co/rhF4MVGXyJ",StarkNet CAIRO -is:reply -is:retweet lang:en,1656346818035453952,1576206809894748160,2023-05-10T17:13:49.000Z,2023-05-11T16-05-30
13,"This time we take ERC20 contract using Cairo 1.0 from @Starknet and guide you through the differences between #Cairo vs. #Solidity, and let's deep-dive into the ERC20 universe on Ethereum.
https://t.co/yj3n1a27Sh",StarkNet CAIRO -is:reply -is:retweet lang:en,1656275665476534273,1444892527887204352,2023-05-10T12:31:05.000Z,2023-05-11T16-05-30
14,"Protostar 0.11.0 will be released on Tuesday.

We plan to include scarb integration, roll, warp, docs make over, and support for starknet 0.11.1 with 1.0 cairo compiler included â­ï¸ğŸ¤

@swmansionxyz
@StarkWareLtd",StarkNet CAIRO -is:reply -is:retweet lang:en,1656197355048255489,713765144128524288,2023-05-10T07:19:54.000Z,2023-05-11T16-05-30
15,About the Cairo Development category https://t.co/6nXiB5wYeR,StarkNet CAIRO -is:reply -is:retweet lang:en,1656184719602745344,1384893838297210885,2023-05-10T06:29:42.000Z,2023-05-11T16-05-30
16,"âœ¨Enjoying Faster Withdrawals with Validity Rollupsâœ¨
ğŸªSwift withdrawals: Validity rollups enable quick withdrawals, executing exit transactions once the validity proof is verified and avoiding the delays associated with optimistic rollups
#Starknet #StarkLaunch #Cairo https://t.co/4QvmuiBFMT",StarkNet CAIRO -is:reply -is:retweet lang:en,1656121358223560704,1640973285554024448,2023-05-10T02:17:55.000Z,2023-05-11T16-05-30
17,"Just added a new chapter to the @Starknet book ğŸ“– on converting Cairo 0 to Cairo 1ğŸ”€. 

Thanks to the brilliant minds of tensojka and @nenosipapuce from @CarmineOptions, and @p_e for sharing ğŸ‘. 

Are there more tooling or projects for the community-driven Starknet book?ğŸš€â€¦ https://t.co/4xaoE8MV4w",StarkNet CAIRO -is:reply -is:retweet lang:en,1656059474816253952,1561251870,2023-05-09T22:12:01.000Z,2023-05-11T16-05-30
18,"Built in #Cairo on @Starknet 

This is mind-blowing. https://t.co/CGevkKAmpH",StarkNet CAIRO -is:reply -is:retweet lang:en,1656020387258601474,1456734338096123907,2023-05-09T19:36:42.000Z,2023-05-11T16-05-30
19,I keep Solving the #starklings challenges to learn about #cairo and #Starknet I gonna help to secure the #web3 #blockchain ecosystem ğŸ˜€ğŸ«¡ https://t.co/UXjIu4L6DW,StarkNet CAIRO -is:reply -is:retweet lang:en,1655988316704235520,184982718,2023-05-09T17:29:16.000Z,2023-05-11T16-05-30
20,"I'm claiming testnet tokens for @10KSwap, an open sourced AMM protocol built on StarkNet in Cairo. 
10KSwap mainnet has been launched: https://t.co/1nt1KXOuHk 

My Address: 0x64aa0e025e66bd61922aebaf28491cb3330caad0259eaef7b4ccd1bbcab18bd

Testnet: https://t.co/2h6Z0GF1FF",StarkNet CAIRO -is:reply -is:retweet lang:en,1655970991690874891,389490390,2023-05-09T16:20:25.000Z,2023-05-11T16-05-30
21,"ğŸš€ @0xdarlington and @0xAA_Science updated chapter 11 of WTF Cairo: Control Flows (if-else and loops)Â . #Starknet
https://t.co/49E6EKlotD https://t.co/F5lEjKmpyF",StarkNet CAIRO -is:reply -is:retweet lang:en,1655947596215746564,1576206809894748160,2023-05-09T14:47:27.000Z,2023-05-11T16-05-30
22,"I'm claiming testnet tokens for @10KSwap, an open sourced AMM protocol built on StarkNet in Cairo. 
10KSwap mainnet has been launched: https://t.co/0cJNq0rFwM 

My Address: 0x85dc7746920f23c575341594419132230aa2a28521bdb47829cb1f058aa045

Testnet: https://t.co/jcHUaPF7ac",StarkNet CAIRO -is:reply -is:retweet lang:en,1655915387429478401,1480626444141273092,2023-05-09T12:39:28.000Z,2023-05-11T16-05-30
23,"I'm claiming testnet tokens for @10KSwap, an open sourced AMM protocol built on StarkNet in Cairo. 
10KSwap mainnet has been launched: https://t.co/01hezwNtvm 

My Address: 0x6cf05c5f1de383ebb20eb7015b1fcfc3e4486fa321119a9800094332fcfb676

Testnet: https://t.co/FX3kxMnGvB",StarkNet CAIRO -is:reply -is:retweet lang:en,1655912415148781568,1368399453250551811,2023-05-09T12:27:39.000Z,2023-05-11T16-05-30
24,"ğŸ˜StarkNet fact N6 ğŸ˜
With support for Solidity and other popular programming languages, Starknet is the perfect platform for developers looking to bring their ideas to life.
#Ethereum #dApps  #Starknet #Cairo #Solidity",StarkNet CAIRO -is:reply -is:retweet lang:en,1655863414474829824,1651595550226038786,2023-05-09T09:12:57.000Z,2023-05-11T16-05-30
25,"Cairo 1.0 Slaying &amp; Testing' ğŸ› ï¸ğŸ”¥

Rundown of diverse testing flavors and the tools to testing vanilla Cairo 1 and Starknet smart contracts. Plus a live coding showdown, putting an ERC20 smart contract penned in Cairo 1 to the ultimate test. 

https://t.co/2mbP9pzXFd",StarkNet CAIRO -is:reply -is:retweet lang:en,1655845186105225216,1463071986515599362,2023-05-09T08:00:31.000Z,2023-05-11T16-05-30
26,"I'm claiming testnet tokens for @10KSwap, an open sourced AMM protocol built on StarkNet in Cairo. 
10KSwap mainnet has been launched: https://t.co/FRA6o5FKaM 

My Address: 0x4dec464a45c37500e4c8232e35d8cf8e11a8ba9b02520ceab96c783112c21f

Testnet: https://t.co/F09yh8bRY6",StarkNet CAIRO -is:reply -is:retweet lang:en,1655838078307647488,1568687783538999296,2023-05-09T07:32:16.000Z,2023-05-11T16-05-30
27,"I'm claiming testnet tokens for @10KSwap, an open sourced AMM protocol built on StarkNet in Cairo. 
10KSwap mainnet has been launched: https://t.co/jo9REOZcQN 

My Address: 0x3de8c3b97891a333fbca8ef084908e6ba121608e704e16bc18268f425ba4a08

Testnet: https://t.co/uMekyTIij7",StarkNet CAIRO -is:reply -is:retweet lang:en,1655819842539192320,1113764877582110720,2023-05-09T06:19:48.000Z,2023-05-11T16-05-30
28,"I'm claiming testnet tokens for @10KSwap, an open sourced AMM protocol built on StarkNet in Cairo. 
10KSwap mainnet has been launched: https://t.co/QJVbq8bLjj 

My Address: 0x27f03d5f0e2ed95006abe9a724d7823962e6ecebba97cc17d820aca23e80954

Testnet: https://t.co/NUv3xloRMH",StarkNet CAIRO -is:reply -is:retweet lang:en,1655705463340556291,1271565681797062657,2023-05-08T22:45:18.000Z,2023-05-11T16-05-30
29,"I'm claiming testnet tokens for @10KSwap, an open sourced AMM protocol built on StarkNet in Cairo. 
10KSwap mainnet has been launched: https://t.co/olcW272ZQf 

My Address: 0x113ebc60623f077e045a496f9e055c4da25eb078f02a84fa2c85fb9528c6195

Testnet: https://t.co/LG0lQv8WED",StarkNet CAIRO -is:reply -is:retweet lang:en,1655702982313295872,1645792758999957506,2023-05-08T22:35:27.000Z,2023-05-11T16-05-30
30,"I'm claiming testnet tokens for @10KSwap, an open sourced AMM protocol built on StarkNet in Cairo. 
10KSwap mainnet has been launched: https://t.co/hlt5hKuv3p 

My Address: 0x2c3f044951c959b91ee7d69364641ebb7235ebc81a513ac70c450fca01e5d46

Testnet: https://t.co/PCNxz88ZHh",StarkNet CAIRO -is:reply -is:retweet lang:en,1655671297311907844,1471617931834535946,2023-05-08T20:29:32.000Z,2023-05-11T16-05-30
31,"ğŸ‰We updated Chapter 10 of WTF Cairo: Mappings and Other Types. 
You can create a mapping to record account balances using LegacyMap. Unlike Solidity, Cairo does not natively support address types, so you need to import it. #Starknet
https://t.co/49E6EKlotD https://t.co/54E5kqQObm",StarkNet CAIRO -is:reply -is:retweet lang:en,1655630924950949890,1576206809894748160,2023-05-08T17:49:07.000Z,2023-05-11T16-05-30
32,"I'm claiming testnet tokens for @10KSwap, an open sourced AMM protocol built on StarkNet in Cairo. 
10KSwap mainnet has been launched: https://t.co/n4acr3rKBO 

My Address: 0x62879eedb9a025b2a02fd41c34a2c595a926e58a32bcdb7bdaed30d794f66c0

Testnet: https://t.co/5KPDstZ9CC",StarkNet CAIRO -is:reply -is:retweet lang:en,1655597839773466629,1171122967679340544,2023-05-08T15:37:39.000Z,2023-05-11T16-05-30
33,"Iâ€™m very glad to announce the WarpVS extension a VSCode extension based on Warp transpiler from @nethermindeth , It transpiles Ethereum Solidity smart contracts to @Starknet  Cairo-1.0 Contracts with just one click. https://t.co/35DpobkNHc",StarkNet CAIRO -is:reply -is:retweet lang:en,1655577466805649409,1396588577530781702,2023-05-08T14:16:41.000Z,2023-05-11T16-05-30
34,"ğŸ¤“ StarkNet Fact N5 ğŸ¤“
Whether you're a seasoned developer or just getting started, Starknet's user-friendly tools and resources make it easy to start building decentralized applications.
#Cairo #dApps #blockchain  #Starknet",StarkNet CAIRO -is:reply -is:retweet lang:en,1655542722302812162,1651595550226038786,2023-05-08T11:58:38.000Z,2023-05-11T16-05-30
35,"There are 2 types of people:

1) People sleeping on #StarkNet
2) Cairo Pharaohs https://t.co/nXhFPySqNB",StarkNet CAIRO -is:reply -is:retweet lang:en,1655542378936295425,1525438686586085377,2023-05-08T11:57:16.000Z,2023-05-11T16-05-30
36,"I'm claiming testnet tokens for @10KSwap, an open sourced AMM protocol built on StarkNet in Cairo. 
10KSwap mainnet has been launched: https://t.co/SIiIa1stz4 

My Address: 0x331b23fff7780b368a31d6bc80da10c5cd8b23f2d6ebf069694121690a8b081

Testnet: https://t.co/tUopGRd76N",StarkNet CAIRO -is:reply -is:retweet lang:en,1655535021774581762,1535512333606342656,2023-05-08T11:28:02.000Z,2023-05-11T16-05-30
37,"Starknet 0.11 and Cairo 1.0. Pretty enchanced by dev for new experience, fast performing improve, secure, and efficient ETH solutions.
Follow CDP platform and try alpha @nostrafinance and #starknet",StarkNet CAIRO -is:reply -is:retweet lang:en,1655483883507556353,985350698043764736,2023-05-08T08:04:49.000Z,2023-05-11T16-05-30
38,I've made my first PR to Cairo 1. ğŸš€ğŸš€ #Starknet https://t.co/8BluUnVAPc,StarkNet CAIRO -is:reply -is:retweet lang:en,1655473648117972995,122099247,2023-05-08T07:24:09.000Z,2023-05-11T16-05-30
39,"The video recording of our @Starknet Nairobi Bootcamp #3 is now available on YouTube

@OFFICIAL_AM_C_C went through Starklings exercises and explained some core concepts in Cairo 1.0

Link to class â¤µï¸
ğŸ”—https://t.co/0fqzd09hmW https://t.co/7rLCD4wZNA",StarkNet CAIRO -is:reply -is:retweet lang:en,1655472278744825856,1531242020110487552,2023-05-08T07:18:43.000Z,2023-05-11T16-05-30
40,"ğŸ’¸Reaping the Benefits of Economical On-Chain DatağŸ’¸
ğŸªEconomical on-chain data: By posting only state change summaries and validity proofs on-chain, validity rollups reduce data storage and offer an economic advantage over optimistic rollups
#Starknet #StarkLaunch #Cairo https://t.co/mQyvtGmYF8",StarkNet CAIRO -is:reply -is:retweet lang:en,1655416929207877638,1640973285554024448,2023-05-08T03:38:46.000Z,2023-05-11T16-05-30
41,"I'm claiming testnet tokens for @10KSwap, an open sourced AMM protocol built on StarkNet in Cairo. 
10KSwap mainnet has been launched: https://t.co/u6crd3s1WA 

My Address: 0x5b47d46f43d96884b202a66d6ce72e1d31bcee4852303ef7479cd08e6e688d8

Testnet: https://t.co/FWEC9nJmcY",StarkNet CAIRO -is:reply -is:retweet lang:en,1655344276941750272,4876929573,2023-05-07T22:50:05.000Z,2023-05-11T16-05-30
42,"I'm claiming testnet tokens for @10KSwap, an open sourced AMM protocol built on StarkNet in Cairo. 
10KSwap mainnet has been launched: https://t.co/u6crd3s1WA 

My Address: 0x50baa4426e354df65950b4dcf3229654c36931e0b1492b793aabbfc15995943

Testnet: https://t.co/FWEC9nJmcY",StarkNet CAIRO -is:reply -is:retweet lang:en,1655343616510894081,4876929573,2023-05-07T22:47:27.000Z,2023-05-11T16-05-30
43,"I'm claiming testnet tokens for @10KSwap, an open sourced AMM protocol built on StarkNet in Cairo. 
10KSwap mainnet has been launched: https://t.co/UUWtC8o6kp 

My Address: 0x27c66ed117928eb76044aa68acc0fa6e4ef9446bdc1d2730bbae4a925bc5192

Testnet: https://t.co/WFybS1zEMe",StarkNet CAIRO -is:reply -is:retweet lang:en,1655301980938555398,1653841683967094787,2023-05-07T20:02:00.000Z,2023-05-11T16-05-30
44,"ğŸ§µRecap of the Previous Day on #Starknet ğŸ§µ

May 6-7 (Weekend Edition)

- The Power of Cheap Computation ğŸª„ğŸ–¥ï¸ğŸª„

- Starknet Events-tracker website ğŸ“œğŸŒğŸŒğŸ“œ

- AI tool to boost knowledge around Cairo 1.0ğŸ¤– https://t.co/Cm6Mbx8a7N",StarkNet CAIRO -is:reply -is:retweet lang:en,1655283770394656773,1489498059042172931,2023-05-07T18:49:39.000Z,2023-05-11T16-05-30
45,"StarkNet is the most promising and advanced L2 on Ethereum. Unlike other L2s, StarkNet is not EVM-compatible and writes contracts in Cairo.

Other L2s sacrificed long-term benefits for short-term gains by forcing to be EVM-compatible and sticking with Solidity.",StarkNet CAIRO -is:reply -is:retweet lang:en,1655147627355201542,1266224181064216577,2023-05-07T09:48:40.000Z,2023-05-11T16-05-30
46,"Mexico, get ready! ğŸ‡²ğŸ‡½

We're hosting our very first meetup in Mexico City! Join us to learn everything you need to become a STARK master ğŸ§ âœ¨
âœ… Cairo 1.0
âœ… StarkNet JS
âœ… Networking
âœ… And much more fun!

Mexico City
May 27th, 5:00 PM

More info below â†˜ï¸ https://t.co/3YJRj5tuem",StarkNet CAIRO -is:reply -is:retweet lang:en,1655123514511458311,953893947822280704,2023-05-07T08:12:51.000Z,2023-05-11T16-05-30
47,"If you missed your chance to register for the ongoing Basecamp cohort to learn all about Starknet, Cairo and STARKs, you can still watch the recordings of the sessions.

I'll keep updating this thread with new recordings as we make progress in the course.",StarkNet CAIRO -is:reply -is:retweet lang:en,1655044566666412032,80131895,2023-05-07T02:59:08.000Z,2023-05-11T16-05-30
48,"Check out this item on MintSquare - Cairo Wolves #53 https://t.co/VyL9TWfppw via @MintSquareNFT 

This is so me",StarkNet CAIRO -is:reply -is:retweet lang:en,1654955041856405505,1445872608935768069,2023-05-06T21:03:24.000Z,2023-05-11T16-05-30
49,"I'm claiming testnet tokens for @10KSwap, an open sourced AMM protocol built on StarkNet in Cairo. 
10KSwap mainnet has been launched: https://t.co/cUo64ireZe 

My Address: 0x36f70f8733c411c2426ff9a6383aa5f793cce177c28a7904cab3ad8068d3b99

Testnet: https://t.co/UPGLb25cx0",StarkNet CAIRO -is:reply -is:retweet lang:en,1654888558753202177,1350456253236043776,2023-05-06T16:39:13.000Z,2023-05-11T16-05-30
50,"Thanks for the highlight @Starknet ! We are also working for an awesome tool if you were missing it: #GPT powered tool to convert #solidity to #Cairo instantly, we invite Cairo developers join our beta testing, register here https://t.co/s2FW38eDnP https://t.co/39selTy0yL https://t.co/lGsyjRZVTi",StarkNet CAIRO -is:reply -is:retweet lang:en,1654843039448432642,1444892527887204352,2023-05-06T13:38:20.000Z,2023-05-11T16-05-30
51,"I'm claiming testnet tokens for @10KSwap, an open sourced AMM protocol built on StarkNet in Cairo. 
10KSwap mainnet has been launched: https://t.co/HGe5xxP61f 

My Address: 0x5495ce31e48be42dea4e8f4e58417f627bc5c4a7e7c525a1efc66ca225b0b1

Testnet: https://t.co/oRJZKxyAlk",StarkNet CAIRO -is:reply -is:retweet lang:en,1654819945396727808,1373779892492509186,2023-05-06T12:06:34.000Z,2023-05-11T16-05-30
52,"I am able to write #Starknet smart contract in Cairo 1.0 thanks to @0xasten 

@Starknet @GuthL https://t.co/yNwflCLWM6 https://t.co/DYdBEYCutD",StarkNet CAIRO -is:reply -is:retweet lang:en,1654799261182353409,979572487359877120,2023-05-06T10:44:23.000Z,2023-05-11T16-05-30
53,Headstart with Starknet &amp; Cairo  #KeepStarknetStrange #SterknetIndia @PhoenixGuildHQ @tpg_pune https://t.co/oZCzJS91TZ,StarkNet CAIRO -is:reply -is:retweet lang:en,1654749054784643072,1482339866486931456,2023-05-06T07:24:53.000Z,2023-05-11T16-05-30
54,"Join us for the exciting kickoff of #StarknetConnect Chennai, presented in partnership with @TPG_Chennai at @iitmadras and @guviofficial ! 

Don't miss this opportunity to learn all about #ZKP and how to build on @Starknet with #Cairo 1 

#KeepStarknetStrange https://t.co/356k5gVUzn",StarkNet CAIRO -is:reply -is:retweet lang:en,1654727470590070790,1479033772091719682,2023-05-06T05:59:06.000Z,2023-05-11T16-05-30
55,"ğŸš€ Exciting news! I am internally testing my new ""Question Answering Over #Cairo #Starknet #Rust  Docs"" project.  

ğŸ‰ This innovative tool leverages @LangChainAI and #Milvus

Making knowledge discovery a breeze! Stay tuned for more updates. 

@Starknet @StarkNet_ZH https://t.co/hrvFAsbbjD",StarkNet CAIRO -is:reply -is:retweet lang:en,1654698327097872384,1459557999798743047,2023-05-06T04:03:18.000Z,2023-05-11T16-05-30
56,"I'm claiming testnet tokens for @10KSwap, an open sourced AMM protocol built on StarkNet in Cairo. 
10KSwap mainnet has been launched: https://t.co/nnh5iquUol 

My Address: 0x2616145c37880e3130df46b034c42c5ca5afbbf5a2275edd967fd3fc18a79dc

Testnet: https://t.co/t9vFN39YPJ",StarkNet CAIRO -is:reply -is:retweet lang:en,1654632745430323202,1566287417295876096,2023-05-05T23:42:42.000Z,2023-05-11T16-05-30
57,"I'm claiming testnet tokens for @10KSwap, an open sourced AMM protocol built on StarkNet in Cairo. 
10KSwap mainnet has been launched: https://t.co/nnh5iquUol 

My Address: 0x2449a95ab7e550db966aeb55cc3a401efb05db2bbd279eada5d0b17048e5d85

Testnet: https://t.co/t9vFN39YPJ",StarkNet CAIRO -is:reply -is:retweet lang:en,1654632537816436736,1566287417295876096,2023-05-05T23:41:53.000Z,2023-05-11T16-05-30
58,"I'm claiming testnet tokens for @10KSwap, an open sourced AMM protocol built on StarkNet in Cairo. 
10KSwap mainnet has been launched: https://t.co/IhcB7TAtGL 

My Address: 0x6d0cb3f74b64cac3dcef91724daea4605e0eda766364e788ab530d55f919547

Testnet: https://t.co/1vnfrxInTm",StarkNet CAIRO -is:reply -is:retweet lang:en,1654627814375849985,1637728866876932096,2023-05-05T23:23:07.000Z,2023-05-11T16-05-30
59,"I'm claiming testnet tokens for @10KSwap, an open sourced AMM protocol built on StarkNet in Cairo. 
10KSwap mainnet has been launched: https://t.co/IhcB7TAtGL 

My Address: 0x25ef5a8c191d600dd571684bf3e6fe5ed68acaefd3757debee24d7a2bb6c214

Testnet: https://t.co/1vnfrxInTm",StarkNet CAIRO -is:reply -is:retweet lang:en,1654627693521149952,1637728866876932096,2023-05-05T23:22:38.000Z,2023-05-11T16-05-30
60,"I'm claiming testnet tokens for @10KSwap, an open sourced AMM protocol built on StarkNet in Cairo. 
10KSwap mainnet has been launched: https://t.co/MpELYmzucX 

My Address: 0x70e30872ab34139400d941b2902bd0220b292eeaf6949471908ebaa785530b4

Testnet: https://t.co/cS6DSy3Fa5",StarkNet CAIRO -is:reply -is:retweet lang:en,1654623506418761729,1567787060639203330,2023-05-05T23:06:00.000Z,2023-05-11T16-05-30
61,"I'm claiming testnet tokens for @10KSwap, an open sourced AMM protocol built on StarkNet in Cairo. 
10KSwap mainnet has been launched: https://t.co/MpELYmzucX 

My Address: 0x6fa33f40d81bbb35c0cb8ab5ec3299dd00af05c5a988eab710e11b4f3b07b87

Testnet: https://t.co/cS6DSy3Fa5",StarkNet CAIRO -is:reply -is:retweet lang:en,1654623250759172097,1567787060639203330,2023-05-05T23:04:59.000Z,2023-05-11T16-05-30
62,"1/12 In the past few weeks, weâ€™ve been busy adding support for Cairo 1.0 to our projects and improving the LambdaWorks STARK prover

ğŸ”µ Cairo rs
ğŸŸ  StarkNet in Rust
âšª Sierra 2 MLIR
ğŸ”´ LambdaWorks Prover

Let's dive into the details! https://t.co/aD0m81vbRv",StarkNet CAIRO -is:reply -is:retweet lang:en,1654607398999408643,1067470728486895616,2023-05-05T22:01:59.000Z,2023-05-11T16-05-30
63,"Missed our AMA on Wednesday with @StarkWareLtd? Here's a recap covering how Starknet will leverage Omni to pull in more liquidity while retaining the performance advantages of Cairo

https://t.co/35Oc0pC0BF https://t.co/sFmxLOO8fg",StarkNet CAIRO -is:reply -is:retweet lang:en,1654492483466801154,1400661553750368256,2023-05-05T14:25:21.000Z,2023-05-11T16-05-30
64,"Missed our AMA Wednesday with @StarkWareLtd? Here's a recap covering how Starknet will leverage Omni to pull in more liquidity while retaining the performance advantages of Cairo

https://t.co/35Oc0pC0BF https://t.co/AkcpDEPZJI",StarkNet CAIRO -is:reply -is:retweet lang:en,1654492394287398914,1400661553750368256,2023-05-05T14:25:00.000Z,2023-05-11T16-05-30
65,"Missed our AMA yesterday with @StarkWareLtd? Here's a recap covering how Starknet will leverage Omni to pull in more liquidity while retaining the performance advantages of Cairo

https://t.co/35Oc0pC0BF https://t.co/4s2SE26So2",StarkNet CAIRO -is:reply -is:retweet lang:en,1654491628990607370,1400661553750368256,2023-05-05T14:21:57.000Z,2023-05-11T16-05-30
66,"I'm claiming testnet tokens for @10KSwap, an open sourced AMM protocol built on StarkNet in Cairo. 
10KSwap mainnet has been launched: https://t.co/Nulnje5tT1 

My Address: 0x5d00a2a2a01c9e4eb90097d81d83ae96fad8487259f3898bc57a0b0a3bfa922

Testnet: https://t.co/Jwy8zyX5xB",StarkNet CAIRO -is:reply -is:retweet lang:en,1654471994241581061,1363828012001726468,2023-05-05T13:03:56.000Z,2023-05-11T16-05-30
67,"I'm claiming testnet tokens for @10KSwap, an open sourced AMM protocol built on StarkNet in Cairo. 
10KSwap mainnet has been launched: https://t.co/fRNqGV5YVG 

My Address: 0x57529ecab38f5f35d7aad8e271d5a58ec94b7a52573549403e2cd323381e254

Testnet: https://t.co/JXVGU3tKZ5",StarkNet CAIRO -is:reply -is:retweet lang:en,1654443494528655361,1409562034576965633,2023-05-05T11:10:41.000Z,2023-05-11T16-05-30
68,"ğŸ§ Are you curious why @Starknet chose Cairo 1.0 as the programming language for the network?

Don't hesitate to click on our inforgraphic below for details ğŸ‘‡

Leave a comment if you have other suggestions

#Starknet #Layer2_Macro https://t.co/cK4iDtg3iN",StarkNet CAIRO -is:reply -is:retweet lang:en,1654440403293319168,1629871134740209664,2023-05-05T10:58:24.000Z,2023-05-11T16-05-30
69,"Introducing our speaker for the @StarknetIndEco Connect Pune - Part 2.

@gauravsarage4 who is a blockchain developer and Starkcon Cairo fellow will be introducing you to zk proofs and Starknet 101 ğŸš€

#StarknetConnect #KeepStarknetStrange https://t.co/EkW3H0mDyv",StarkNet CAIRO -is:reply -is:retweet lang:en,1654367506994466816,1590711510468214784,2023-05-05T06:08:44.000Z,2023-05-11T16-05-30
70,"Oops I got too excited about cairo 101 and collected 18 tokens when @gyanlakshmi had mentioned ""the first one to cross 14 will.. ğŸŒ"" 

t'was fun solving thisğŸ’ƒğŸ’€ https://t.co/G87jFHqsaS 
@StarknetIndEco
@PhoenixGuildHQ #KeepStarknetStrange #StarknetIndia https://t.co/5Tuxk5Et9Q",StarkNet CAIRO -is:reply -is:retweet lang:en,1654365389466513408,1547938109316530176,2023-05-05T06:00:20.000Z,2023-05-11T16-05-30
71,"ğŸš€ @robertkp13 and @0xAA_Science updated to the WTF Cairo Tutorial - Chapter 8: Structs! 

Unlike Solidity, Cairo contracts define state variables within a unique Storage struct.
#Starknet #Web3 #Ethereum 
https://t.co/49E6EKlotD https://t.co/0rcc4u2HqI",StarkNet CAIRO -is:reply -is:retweet lang:en,1654360419841249280,1576206809894748160,2023-05-05T05:40:35.000Z,2023-05-11T16-05-30
72,"I'm claiming testnet tokens for @10KSwap, an open sourced AMM protocol built on StarkNet in Cairo. 
10KSwap mainnet has been launched: https://t.co/j17rdKBnye 

My Address: 0x7a30728356904fa03badb7acc0209411b373eda0d2fa280489380761aca2ba4

Testnet: https://t.co/VbcmqNSsLN",StarkNet CAIRO -is:reply -is:retweet lang:en,1654348311154012160,1513663251359305729,2023-05-05T04:52:28.000Z,2023-05-11T16-05-30
73,"Hey #Starknet family,
I just got my own @Starknet_id passport &amp; domain name

I'm learning Cairo fast... can't wait to contribute on some partner apps and develop the ecosystem! https://t.co/8K9uB3fjL5",StarkNet CAIRO -is:reply -is:retweet lang:en,1654230229286518786,1433062686665891842,2023-05-04T21:03:15.000Z,2023-05-11T16-05-30
74,"I'm claiming testnet tokens for @10KSwap, an open sourced AMM protocol built on StarkNet in Cairo. 
10KSwap mainnet has been launched: https://t.co/0Drsmt08RR 

My Address: 0x28fcfd5db87f8fa0d75a538f62479963b42b6f8a1220db5d271d40599f090ba

Testnet: https://t.co/mqUwxqNheW",StarkNet CAIRO -is:reply -is:retweet lang:en,1654165977708232711,1374296484456194051,2023-05-04T16:47:56.000Z,2023-05-11T16-05-30
0,"#DeFi #StarkDeFi 
Roadmap Release

Q1 will see StarkDeFi focus heavily on the design and development of our Launchpad â€˜StarkPadâ€™ which aims to be the leading launchpad on Starknet.",StarkNet development -is:reply -is:retweet,1656377039782330375,1355092962867355648,2023-05-10T19:13:54.000Z,2023-05-11T15-45-54
1,About the Cairo Development category https://t.co/6nXiB5wYeR,StarkNet development -is:reply -is:retweet,1656184719602745344,1384893838297210885,2023-05-10T06:29:42.000Z,2023-05-11T15-45-54
2,"Thanks for giving us such a great opportunity. I am supporting it. always success for the development team. 

@SefiyaniSefiya1
@Mertanadi24
@gulfee_
#Starknet
#pepemonkey #memecoin $pepemonkey $starknet https://t.co/oANKvaF4M4",StarkNet development -is:reply -is:retweet,1655855946500050944,1488033179185590272,2023-05-09T08:43:16.000Z,2023-05-11T15-45-54
3,"Starkdefi Roadmap Release
Q1 will see StarkDeFi focus heavily on the design and development of our Launchpad â€˜StarkPadâ€™ which aims to be the leading launchpad on Starknet. @starkdefi #DeFi #starkdefi",StarkNet development -is:reply -is:retweet,1655671013755985961,1105214169106837509,2023-05-08T20:28:25.000Z,2023-05-11T15-45-54
4,"StarkDefi (StarkNet)

Starkent DeFi solution, Delphi founder is following project

According to the roadmap, StarkDefi will focus on the design and development of ""StarkPad"", a launchpad that aims to become the leading launchpad for Starknet.

#DeFi #StarkDeFi",StarkNet development -is:reply -is:retweet,1655582527103414277,1127093645956411392,2023-05-08T14:36:48.000Z,2023-05-11T15-45-54
5,"The project is implemented professionally and has a clear development plan. Made by a very professional and experienced team. Without doubt, this is one of the best project 
@Ryg_marshmellow #starknet #AInft",StarkNet development -is:reply -is:retweet,1654518475786964992,1516411607177658374,2023-05-05T16:08:38.000Z,2023-05-11T15-45-54
6,"Join us for an exciting evening with @davelange_, our 2nd guest speaker who will share valuable insights and tools for frontend development. Mark your calendar for May 9th at 18:30 and meet us at @42Lisboa. Don't miss out! https://t.co/7kSlh0AVAR https://t.co/WA5SzzggD0",StarkNet development -is:reply -is:retweet,1654517948315234306,1215302658279591941,2023-05-05T16:06:32.000Z,2023-05-11T15-45-54
7,"The project was executed in a very professional manner and had a clear development plan. Without a doubt ,this is one of the best projects out there

@Ryg_marshmellow #starknet #AInft",StarkNet development -is:reply -is:retweet,1654515531549114373,1630297828949123078,2023-05-05T15:56:56.000Z,2023-05-11T15-45-54
8,".Great Project, i really like it. The project will be bright in future &amp; long term too. With a clear Development plan, the project will go to the moon
#Starknet #RYGLabs #MAR$HMELLOW",StarkNet development -is:reply -is:retweet,1654509331910647809,1630847347906469890,2023-05-05T15:32:18.000Z,2023-05-11T15-45-54
9,".Great Project, i really like it. The project will be bright in future &amp; long term too. With a clear Development plan, the project will go to the moon

@Ryg_marshmellow #starknet #AInft",StarkNet development -is:reply -is:retweet,1654507366350565376,1630847347906469890,2023-05-05T15:24:30.000Z,2023-05-11T15-45-54
10,"The project was executed in a very professional manner and had a clear development plan. Without a doubt ,this is one of the best projects out there 

@Dronkcat
@Xpamxi
@jhone4065

@Ryg_marshmellow #starknet #AInft",StarkNet development -is:reply -is:retweet,1654500684622905348,1251478294685335552,2023-05-05T14:57:57.000Z,2023-05-11T15-45-54
11,"The project is implemented professionally and has a clear development plan. Made by a very professional and experienced team.
@Ryg_marshmellow #starknet #AInft",StarkNet development -is:reply -is:retweet,1654492787021164549,838558602952491008,2023-05-05T14:26:34.000Z,2023-05-11T15-45-54
12,"Thanks for giving us such a great opportunity. I am supporting it. always success for the development team to the moon.

@Ryg_marshmellow #starknet #AInft",StarkNet development -is:reply -is:retweet,1654457329197387776,1494028343171481600,2023-05-05T12:05:40.000Z,2023-05-11T15-45-54
13,"ğŸ”¥ğ’ğ“ğ€ğ‘ğŠğğ„ğ“ ğŒğ„ğ“ğ‘ğˆğ‚ğ’ğŸ”¥

StarkNet is expanding its ecosystem to enhance application development and increase interaction between Dapps.

Let's look at some milestone metrics to see this growth!
ğŸ‘‡
#Starknet https://t.co/Il45tfu3ZM",StarkNet development -is:reply -is:retweet,1654411189370392577,1644181376181084160,2023-05-05T09:02:19.000Z,2023-05-11T15-45-54
14,"Alchemy, Platform that offers blockchain app development tools, has launched a public version of its platform for StarkNet.
.
.
.
. 
#blockchain #web3 #nft #ai #chatgpt #metaverse #web3marketing #marketing #digitalmarketing #web3space #web3community https://t.co/zFvS7oEMJj",StarkNet development -is:reply -is:retweet,1654328952775938049,1625898967572828161,2023-05-05T03:35:32.000Z,2023-05-11T15-45-54
15,"project was executed very professional manner and had clear development plan without a doubt This is one of the best project out there success always
@Ryg_marshmellow #starknet #AInft",StarkNet development -is:reply -is:retweet,1654316273206194177,1415964131476217857,2023-05-05T02:45:09.000Z,2023-05-11T15-45-54
16,"The project is implemented professionally and has a clear development plan. Made by a very professional and experienced team. Without doubt, this is one of the best project...ğŸ‰ğŸ‰
@Ryg_marshmellow #starknet #AInft",StarkNet development -is:reply -is:retweet,1654297236833189888,1143198531856941056,2023-05-05T01:29:31.000Z,2023-05-11T15-45-54
17,"New pfp -&gt; @Everai collection just looks so cool... I simply couldn't resist!

Real big up to @ScreenshotLabs for building such a cool project on #Starknet

I'll keep a very close eye to its development, and why not, contribute in some way if I canğŸ™‚

#KeepStarknetStrange
#Everai https://t.co/yMApeH8SKv",StarkNet development -is:reply -is:retweet,1654235560578359299,1433062686665891842,2023-05-04T21:24:26.000Z,2023-05-11T15-45-54
18,"Alchemy, a blockchain development platform, introduces ZK Rollup public support. StarkNet - https://t.co/lFuUGzC6x3 #CryptoPurity https://t.co/bbkizs7rRb",StarkNet development -is:reply -is:retweet,1654179428073652253,120204781,2023-05-04T17:41:23.000Z,2023-05-11T15-45-54
19,"Blockchain development platform Alchemy launches support for ZK Rollup StarkNet
TruthScore: 93
#blockchain",StarkNet development -is:reply -is:retweet,1654163754769342464,1588017435306696706,2023-05-04T16:39:06.000Z,2023-05-11T15-45-54
0,"#DeFi #StarkDeFi 
Roadmap Release

Q1 will see StarkDeFi focus heavily on the design and development of our Launchpad â€˜StarkPadâ€™ which aims to be the leading launchpad on Starknet.",StarkNet development -is:reply -is:retweet,1656377039782330375,1355092962867355648,,2023-05-11T14-53-59
1,About the Cairo Development category https://t.co/6nXiB5wYeR,StarkNet development -is:reply -is:retweet,1656184719602745344,1384893838297210885,,2023-05-11T14-53-59
2,"Thanks for giving us such a great opportunity. I am supporting it. always success for the development team. 

@SefiyaniSefiya1
@Mertanadi24
@gulfee_
#Starknet
#pepemonkey #memecoin $pepemonkey $starknet https://t.co/oANKvaF4M4",StarkNet development -is:reply -is:retweet,1655855946500050944,1488033179185590272,,2023-05-11T14-53-59
3,"Starkdefi Roadmap Release
Q1 will see StarkDeFi focus heavily on the design and development of our Launchpad â€˜StarkPadâ€™ which aims to be the leading launchpad on Starknet. @starkdefi #DeFi #starkdefi",StarkNet development -is:reply -is:retweet,1655671013755985961,1105214169106837509,,2023-05-11T14-53-59
4,"StarkDefi (StarkNet)

Starkent DeFi solution, Delphi founder is following project

According to the roadmap, StarkDefi will focus on the design and development of ""StarkPad"", a launchpad that aims to become the leading launchpad for Starknet.

#DeFi #StarkDeFi",StarkNet development -is:reply -is:retweet,1655582527103414277,1127093645956411392,,2023-05-11T14-53-59
5,"The project is implemented professionally and has a clear development plan. Made by a very professional and experienced team. Without doubt, this is one of the best project 
@Ryg_marshmellow #starknet #AInft",StarkNet development -is:reply -is:retweet,1654518475786964992,1516411607177658374,,2023-05-11T14-53-59
6,"Join us for an exciting evening with @davelange_, our 2nd guest speaker who will share valuable insights and tools for frontend development. Mark your calendar for May 9th at 18:30 and meet us at @42Lisboa. Don't miss out! https://t.co/7kSlh0AVAR https://t.co/WA5SzzggD0",StarkNet development -is:reply -is:retweet,1654517948315234306,1215302658279591941,,2023-05-11T14-53-59
7,"The project was executed in a very professional manner and had a clear development plan. Without a doubt ,this is one of the best projects out there

@Ryg_marshmellow #starknet #AInft",StarkNet development -is:reply -is:retweet,1654515531549114373,1630297828949123078,,2023-05-11T14-53-59
8,".Great Project, i really like it. The project will be bright in future &amp; long term too. With a clear Development plan, the project will go to the moon
#Starknet #RYGLabs #MAR$HMELLOW",StarkNet development -is:reply -is:retweet,1654509331910647809,1630847347906469890,,2023-05-11T14-53-59
9,".Great Project, i really like it. The project will be bright in future &amp; long term too. With a clear Development plan, the project will go to the moon

@Ryg_marshmellow #starknet #AInft",StarkNet development -is:reply -is:retweet,1654507366350565376,1630847347906469890,,2023-05-11T14-53-59
0,"å¤§çš„è¦æ¥å•¦~

è‡ªä» 4.08 æˆ‘ä»¬ @StarkNetAstroCN åœ¨æ·±åœ³ä¸¾åŠä¸­å›½ç¬¬ä¸€ä¸ª Starknet çº¿ä¸‹èšä¼šï¼ˆæ·±åœ³ï¼‰ä¹‹å

æˆ‘ä»¬å°±åœ¨ç­–åˆ’å’Œå‡†å¤‡é¢å‘ä¸­æ–‡ğŸ‡¨ğŸ‡³å¼€å‘è€…çš„ Cairo Bootcampï¼ˆè®­ç»ƒè¥ï¼‰

æˆ‘æ˜¯æŠ€æœ¯å°ç™½ä¸»è¦è´Ÿè´£ç­–åˆ’å’Œè¿è¥

å’Œ Starknet Astro ä¼Ÿå¤§çš„åŒäº‹ä»¬ä¸€èµ·ğŸ˜
@shalom_hu @cryptonerdcn
@zhangxinzm https://t.co/hmIgO66ypk",StarkNet CAIRO -is:reply -is:retweet,1656688283093696514,1455870402572341252,2023-05-11T15:50:41.000Z,2023-05-11T15-55-40
1,"I'm claiming testnet tokens for @10KSwap, an open sourced AMM protocol built on StarkNet in Cairo. 
10KSwap mainnet has been launched: https://t.co/t3VBYP3Jj6 

My Address: 0x7856527a1407f9f2b329743c7d0e776f7b3895abecfa33e83ff686803a6048d

Testnet: https://t.co/4z3aBfEVRX",StarkNet CAIRO -is:reply -is:retweet,1656653038063620098,1519424219683119104,2023-05-11T13:30:38.000Z,2023-05-11T15-55-40
2,å­¦ä¹  Cairo ç¼–ç¨‹çš„æœ€ä½³èµ„æºåˆ†äº« #Starknet https://t.co/Fgeg2DAllQ,StarkNet CAIRO -is:reply -is:retweet,1656651892968275972,1576206809894748160,2023-05-11T13:26:05.000Z,2023-05-11T15-55-40
3,"I'm claiming testnet tokens for @10KSwap, an open sourced AMM protocol built on StarkNet in Cairo. 
10KSwap mainnet has been launched: https://t.co/PZ472E2mfj 

My Address: 0x319f2cccb1828577df09058bb485f306178cc2714a020593062a3448b80113e

Testnet: https://t.co/6vP1FSntJ5",StarkNet CAIRO -is:reply -is:retweet,1656651711279247360,1468828562807533573,2023-05-11T13:25:21.000Z,2023-05-11T15-55-40
4,"Is there something like CryptoZombies for Cairo? ğŸ§Ÿâ€â™‚ï¸
What is the best interactive way to learn Cairo? @Starknet @StarknetEco @StarkWareLtd",StarkNet CAIRO -is:reply -is:retweet,1656613152665088003,502921484,2023-05-11T10:52:08.000Z,2023-05-11T15-55-40
5,"ğŸ“šStarknet for Everybody - Class 1âƒ£4âƒ£

ğŸ‘‰ğŸ¾StarkNet Dev Infrastructure - Part 1/3ğŸ‘ˆ

If you're a Developer who's considering to learn the Cairo Programming Language and start building on Starknet, this part of the course is the most relevant one for you. https://t.co/NOZNxZ8r3H",StarkNet CAIRO -is:reply -is:retweet,1656606822227226624,1489498059042172931,2023-05-11T10:26:59.000Z,2023-05-11T15-55-40
6,"Just achieved an 7.70s score in #StarkFighter ğŸ•¹ï¸ !  - cairo.xplorer.stark

Think you can outscore me ? 

Give it a shot at https://t.co/ZoEU7NYkyn and stand a chance to win over $10,000 worth of #Starknet prizes !",StarkNet CAIRO -is:reply -is:retweet,1656605408046219267,1380237872989663242,2023-05-11T10:21:22.000Z,2023-05-11T15-55-40
7,"NEW prerelease of ğ˜€ğ˜ğ—®ğ—¿ğ—¸ğ—»ğ—²ğ˜-ğ—µğ—®ğ—¿ğ—±ğ—µğ—®ğ˜-ğ—½ğ—¹ğ˜‚ğ—´ğ—¶ğ—» ğ˜ƒğŸ¬.ğŸ´.ğŸ¬-ğ—®ğ—¹ğ—½ğ—µğ—®.ğŸ® is out!!!

Improved Cairo 1 support:
â€¢ more types in function input/output     
â€¢ event support     
â€¢ declaration fee estimation 

Read more in the release notes ğŸ‘‰https://t.co/o5MCzlG9fr https://t.co/qESuckFC69",StarkNet CAIRO -is:reply -is:retweet,1656605355248369664,1498307190683230208,2023-05-11T10:21:09.000Z,2023-05-11T15-55-40
8,"Just achieved an 1.19s score in #StarkFighter ğŸ•¹ï¸ !  - cairo.xplorer.stark

Think you can outscore me ? 

Give it a shot at https://t.co/ZoEU7NYkyn and stand a chance to win over $10,000 worth of #Starknet prizes !",StarkNet CAIRO -is:reply -is:retweet,1656605136905437186,1380237872989663242,2023-05-11T10:20:17.000Z,2023-05-11T15-55-40
9,"""Cairo 1.0æé«˜äº†åˆçº¦ç¼–å†™çš„å®‰å…¨æ€§å’Œæ•ˆç‡ï¼Œé‡‡ç”¨äº†å—Rustå¯å‘çš„è¯­æ³•å’Œå®Œæ•´çš„ç±»å‹ç³»ç»Ÿã€‚

åœ¨@eniwhere_çš„åšå®¢ä¸­æ·±å…¥äº†è§£StarkNetå¼€æºå †æ ˆçš„ç»†èŠ‚ï¼"" https://t.co/lOCrgJdwTS",StarkNet CAIRO -is:reply -is:retweet,1656570847975608320,1504416963803508737,2023-05-11T08:04:02.000Z,2023-05-11T15-55-40
10,"Cairo 1.0 boosts contract writing safety &amp; efficiency, rocking a Rust-inspired syntax &amp; fully-fledged type system. 

Jump into the deets of the open-source Starknet stack in this blog post by @eniwhere_ ! 

https://t.co/vHtHkts2b1",StarkNet CAIRO -is:reply -is:retweet,1656569964734676993,1463071986515599362,2023-05-11T08:00:31.000Z,2023-05-11T15-55-40
11,"ç¤¾åŒºçš„åŠ›é‡ğŸ’ªğŸ’ªğŸ’ª
Everaiå›¢é˜Ÿæ­£åœ¨å¼€å‘ä¸€ä¸ªå…è®¸ä»»æ„ä»¥å¤ªåŠNFT collectionsæ¡¥æ¥åˆ°Starknetï¼Œä»–ä»¬è¯šé‚€æ‰€æœ‰Starknetå’ŒCairoçš„å¼€å‘è€…å®¡æŸ¥ä»–ä»¬çš„ææ¡ˆå¹¶æä¾›ç›¸å…³çš„åé¦ˆï¼Œè¯¦ç»†è¯·è§ä¸‹æ–¹é“¾æ¥ğŸ‘‡",StarkNet CAIRO -is:reply -is:retweet,1656569155993083909,2254690125,2023-05-11T07:57:19.000Z,2023-05-11T15-55-40
12,"â€œCairoç¼–è¯‘å™¨ï¼šå—Rustå¯å‘çš„ä»£ç ç¼–è¯‘è€… ğŸ¦€

Cairoå¤§é‡å€Ÿé‰´äº†Rustçš„ç‰¹ç‚¹ï¼Œå±•ç°äº†ç®€çº¦çš„é£æ ¼ï¼ŒåŒæ—¶ä»ç„¶å…·å¤‡Rustçš„ä¼˜ç‚¹ã€‚â€œ https://t.co/x9BKcKezdw",StarkNet CAIRO -is:reply -is:retweet,1656568086122881026,1504416963803508737,2023-05-11T07:53:03.000Z,2023-05-11T15-55-40
13,"ç¤¾åŒºçš„åŠ›é‡ğŸ’ªğŸ’ªğŸ’ª
Everaiå›¢é˜Ÿæ­£åœ¨å¼€å‘ä¸€ä¸ªå…è®¸ä»»æ„ä»¥å¤ªåŠNFT collectionsæ¡¥æ¥åˆ°Starknetï¼Œä»–ä»¬è¯šé‚€æ‰€æœ‰Starknetå’ŒCairoçš„å¼€å‘è€…å®¡æŸ¥ä»–ä»¬çš„ææ¡ˆå¹¶æä¾›ç›¸å…³çš„åé¦ˆï¼Œè¯¦ç»†è¯·è§ä¸‹æ–¹é“¾æ¥ğŸ‘‡ https://t.co/xVZbdJSLD7",StarkNet CAIRO -is:reply -is:retweet,1656564258073874432,1504416963803508737,2023-05-11T07:37:51.000Z,2023-05-11T15-55-40
14,"ğŸ‰ We just updated the 13th Chapter of WTF Cairo: `Option`! 
The `Option` enum in Cairo encodes the possibility of a value being present or absent. It's more secure than `Null` values in other programming languages! ğŸš€
#Starknet #Cairo
https://t.co/49E6EKlotD https://t.co/E2npK48ZZ0 https://t.co/cCZLzWK2hg",StarkNet CAIRO -is:reply -is:retweet,1656557903439101958,1576206809894748160,2023-05-11T07:12:36.000Z,2023-05-11T15-55-40
15,"æˆ‘æ›´æ–°äº† WTF Cairo ç¬¬13è®²ï¼šOptionã€‚
Cairo ä¸­çš„ `Option` æšä¸¾ä¸ Rust ä¸­çš„ç±»ä¼¼ï¼Œå®ƒç¼–ç äº†ä¸€ä¸ªå€¼å¯èƒ½å­˜åœ¨æˆ–ä¸å­˜åœ¨çš„æƒ…å†µï¼Œæ¯”å…¶ä»–ç¼–ç¨‹è¯­è¨€ä¸­çš„ `Null` å€¼æ›´å®‰å…¨ã€‚ @WTFAcademy_ #Starknet 
https://t.co/tLVCGjrYnb https://t.co/iH67wUFjS5",StarkNet CAIRO -is:reply -is:retweet,1656556848491958272,1456122941192605705,2023-05-11T07:08:24.000Z,2023-05-11T15-55-40
16,"I'm claiming testnet tokens for @10KSwap, an open sourced AMM protocol built on StarkNet in Cairo. 
10KSwap mainnet has been launched: https://t.co/KSiE1FGcwP 

My Address: 0x3272779ed557da9c0a0593a6f221c9410e5f892c7411713a9cbae29240a2ff

Testnet: https://t.co/zU0lit54F4",StarkNet CAIRO -is:reply -is:retweet,1656488815857647616,1534805788580933632,2023-05-11T02:38:04.000Z,2023-05-11T15-55-40
17,"A prÃ³xima atualizaÃ§Ã£o #Starknet v0.12 irÃ¡ melhorar  as taxas de transferÃªncia e de latÃªncia. 

SerÃ¡ a RUSTfizaÃ§Ã£o da pilha Starknet. 

IrÃ¡ ocorrer a transiÃ§Ã£o para um sequenciador baseado em Rust (desenvolvido pela starkware) e a nova VM Rust-Cairo(desenvolvida pela @ClassLambda) https://t.co/OPr9B0O8Ys",StarkNet CAIRO -is:reply -is:retweet,1656472895718137858,2221692650,2023-05-11T01:34:48.000Z,2023-05-11T15-55-40
18,"I'm claiming testnet tokens for @10KSwap, an open sourced AMM protocol built on StarkNet in Cairo. 
10KSwap mainnet has been launched: https://t.co/qt3DksaIgs 

My Address: 0x68757e9a0603506a50b9a8469b86377a0dcb95d88560a371dd5e4ce392a8573

Testnet: https://t.co/jVTKeIp39B",StarkNet CAIRO -is:reply -is:retweet,1656382190383517697,1616862914262233088,2023-05-10T19:34:22.000Z,2023-05-11T15-55-40
19,"I'm claiming testnet tokens for @10KSwap, an open sourced AMM protocol built on StarkNet in Cairo. 
10KSwap mainnet has been launched: https://t.co/MUI7DqjCWJ 

My Address: 0xdebea97e00bc7542e8ed601a8681d0dd68778aa8b3a8dd4085e0c1a8c6b551

Testnet: https://t.co/825t7CLGs5",StarkNet CAIRO -is:reply -is:retweet,1656381849269161998,3130978919,2023-05-10T19:33:01.000Z,2023-05-11T15-55-40
20,"ğŸš€ @0xAA_Science and @robertkp13 updated WTF Cairo Chapter 12: Pattern Matching.  
We introduced the `match` keyword for pattern matching, including the exhaustive nature of matching and pattern binding. #Starknet https://t.co/49E6EKlotD https://t.co/rhF4MVGXyJ",StarkNet CAIRO -is:reply -is:retweet,1656346818035453952,1576206809894748160,2023-05-10T17:13:49.000Z,2023-05-11T15-55-40
21,https://t.co/LlwiOQHG8B #starknet #starkware #smartcontract #cairo #blockchin #venehsoftw @venehsoftw ğŸ‘ŠğŸ‘ŠğŸ‘ŠğŸ’ªğŸ’ªğŸ’ªğŸ‘ğŸ‘ğŸ‘ https://t.co/dajbYVwjBg,StarkNet CAIRO -is:reply -is:retweet,1656346318049284097,630513801,2023-05-10T17:11:50.000Z,2023-05-11T15-55-40
22,"æˆ‘å’Œ @robertkp13 æ›´æ–°äº† WTF Cairo ç¬¬12è®²: æ¨¡å¼åŒ¹é…ã€‚
æˆ‘ä»¬ä»‹ç»äº†å¦‚ä½•ä½¿ç”¨ match å…³é”®å­—è¿›è¡Œæ¨¡å¼åŒ¹é…ï¼ŒåŒ…æ‹¬ match çš„ç©·è¿›æ€§å’Œæ¨¡å¼ç»‘å®šï¼Œåè€…å¯ä»¥åˆ†è§£å¤æ‚çš„æ•°æ®ç±»å‹ï¼Œè®²ä»–ä»¬çš„å€¼ç»‘å®šåˆ°å˜é‡ï¼Œæé«˜ä»£ç å¯è¯»æ€§å’Œæ•ˆç‡ã€‚
@WTFAcademy_ #Starknet 
https://t.co/tLVCGjrYnb",StarkNet CAIRO -is:reply -is:retweet,1656345107698974720,1456122941192605705,2023-05-10T17:07:01.000Z,2023-05-11T15-55-40
23,"Aztec, Starknet, Aleoã¨ã„ã†ã‚ˆã‚Šã¯Noir, Cairo, Leoã®ãã‚Œãã‚Œã®é•ã„ã«ã¤ã„ã¦ã‚‚ã£ã¨å…·ä½“çš„ã«çŸ¥ã‚ŠãŸã„ãªã€‚",StarkNet CAIRO -is:reply -is:retweet,1656306232117055488,419316681,2023-05-10T14:32:33.000Z,2023-05-11T15-55-40
24,"This time we take ERC20 contract using Cairo 1.0 from @Starknet and guide you through the differences between #Cairo vs. #Solidity, and let's deep-dive into the ERC20 universe on Ethereum.
https://t.co/yj3n1a27Sh",StarkNet CAIRO -is:reply -is:retweet,1656275665476534273,1444892527887204352,2023-05-10T12:31:05.000Z,2023-05-11T15-55-40
25,"Starknet æ—¥æŠ¥ - 305 
Starknet 5 æœˆ 10 æ—¥æœ€æ–°åŠ¨æ€ âœ¨

âœ…#Starknet å®£å¸ƒå³å°†å¼ƒç”¨å…¬å…± APIï¼Œå¯è¿‡æ¸¡åˆ°å…¨èŠ‚ç‚¹æˆ– API æœåŠ¡å•† 
âœ…é€Ÿè§ˆ L2 æ—¥äº¤æ˜“é‡æ•°æ®å›¾ï¼Œ#Starknet å‹‡å¤ºå‰äº” 
âœ…ã€ŠStarknet ä¹‹ä¹¦ã€‹æ–°å¢ç« èŠ‚ï¼šCairo 0 åˆ° Cairo 1 è¿ç§»å·¥å…· 

ğŸ¤–å…³æ³¨æˆ‘ï¼Œäº†è§£ #StarkNet æœ€æ–°åŠ¨æ€
https://t.co/Ojq0t70KOb",StarkNet CAIRO -is:reply -is:retweet,1656236681035644934,1507010594758483982,2023-05-10T09:56:10.000Z,2023-05-11T15-55-40
26,"Protostar 0.11.0 will be released on Tuesday.

We plan to include scarb integration, roll, warp, docs make over, and support for starknet 0.11.1 with 1.0 cairo compiler included â­ï¸ğŸ¤

@swmansionxyz
@StarkWareLtd",StarkNet CAIRO -is:reply -is:retweet,1656197355048255489,713765144128524288,2023-05-10T07:19:54.000Z,2023-05-11T15-55-40
27,About the Cairo Development category https://t.co/6nXiB5wYeR,StarkNet CAIRO -is:reply -is:retweet,1656184719602745344,1384893838297210885,2023-05-10T06:29:42.000Z,2023-05-11T15-55-40
28,"ğŸ‘©ğŸ½â€ğŸš€ #StarkNetEco ğŸ‘¨ğŸ½â€ğŸš€

Starknet Chatgpt å­¦ä¹ å·¥å…·æ–°å¢ã€ŠStarknet ä¹‹ä¹¦ã€‹å’Œã€ŠCairo ä¹‹ä¹¦ã€‹å†…å®¹ ğŸ™Œ

æœ¬é¡¹ç›®ç”± @0xasten å¼€å‘ï¼Œå¸®åŠ©ç”¨æˆ·è§£ç­” Cairoã€Starknetã€Rust ç›¸å…³é—®é¢˜ï¼Œç›®å‰å¤„äºå†…æµ‹é˜¶æ®µ

ä¿æŒå…³æ³¨ï¼Œå³å°†å…¬å¸ƒæ›´å¤šå†…å®¹ â¬‡ï¸
https://t.co/LgHbzblfMY https://t.co/qcQxHxZA9J",StarkNet CAIRO -is:reply -is:retweet,1656149724502831105,1507010594758483982,2023-05-10T04:10:38.000Z,2023-05-11T15-55-40
29,"âœ¨Enjoying Faster Withdrawals with Validity Rollupsâœ¨
ğŸªSwift withdrawals: Validity rollups enable quick withdrawals, executing exit transactions once the validity proof is verified and avoiding the delays associated with optimistic rollups
#Starknet #StarkLaunch #Cairo https://t.co/4QvmuiBFMT",StarkNet CAIRO -is:reply -is:retweet,1656121358223560704,1640973285554024448,2023-05-10T02:17:55.000Z,2023-05-11T15-55-40
30,"Just added a new chapter to the @Starknet book ğŸ“– on converting Cairo 0 to Cairo 1ğŸ”€. 

Thanks to the brilliant minds of tensojka and @nenosipapuce from @CarmineOptions, and @p_e for sharing ğŸ‘. 

Are there more tooling or projects for the community-driven Starknet book?ğŸš€â€¦ https://t.co/4xaoE8MV4w",StarkNet CAIRO -is:reply -is:retweet,1656059474816253952,1561251870,2023-05-09T22:12:01.000Z,2023-05-11T15-55-40
31,"Built in #Cairo on @Starknet 

This is mind-blowing. https://t.co/CGevkKAmpH",StarkNet CAIRO -is:reply -is:retweet,1656020387258601474,1456734338096123907,2023-05-09T19:36:42.000Z,2023-05-11T15-55-40
32,I keep Solving the #starklings challenges to learn about #cairo and #Starknet I gonna help to secure the #web3 #blockchain ecosystem ğŸ˜€ğŸ«¡ https://t.co/UXjIu4L6DW,StarkNet CAIRO -is:reply -is:retweet,1655988316704235520,184982718,2023-05-09T17:29:16.000Z,2023-05-11T15-55-40
33,"I'm claiming testnet tokens for @10KSwap, an open sourced AMM protocol built on StarkNet in Cairo. 
10KSwap mainnet has been launched: https://t.co/1nt1KXOuHk 

My Address: 0x64aa0e025e66bd61922aebaf28491cb3330caad0259eaef7b4ccd1bbcab18bd

Testnet: https://t.co/2h6Z0GF1FF",StarkNet CAIRO -is:reply -is:retweet,1655970991690874891,389490390,2023-05-09T16:20:25.000Z,2023-05-11T15-55-40
34,"ğŸš€ @0xdarlington and @0xAA_Science updated chapter 11 of WTF Cairo: Control Flows (if-else and loops)Â . #Starknet
https://t.co/49E6EKlotD https://t.co/F5lEjKmpyF",StarkNet CAIRO -is:reply -is:retweet,1655947596215746564,1576206809894748160,2023-05-09T14:47:27.000Z,2023-05-11T15-55-40
35,"ğŸš€ @0xdarlington å’Œæˆ‘æ›´æ–°äº†WTF Cairoç¬¬11è®²: æ§åˆ¶æµã€‚
æˆ‘ä»¬ä»‹ç»äº†Cairoçš„if-elseå’Œå¾ªç¯ã€‚ 
@WTFAcademy_ #Starknet
https://t.co/tLVCGjrYnb https://t.co/UOt7zvIVyI",StarkNet CAIRO -is:reply -is:retweet,1655946923352944641,1456122941192605705,2023-05-09T14:44:47.000Z,2023-05-11T15-55-40
36,"I'm claiming testnet tokens for @10KSwap, an open sourced AMM protocol built on StarkNet in Cairo. 
10KSwap mainnet has been launched: https://t.co/0cJNq0rFwM 

My Address: 0x85dc7746920f23c575341594419132230aa2a28521bdb47829cb1f058aa045

Testnet: https://t.co/jcHUaPF7ac",StarkNet CAIRO -is:reply -is:retweet,1655915387429478401,1480626444141273092,2023-05-09T12:39:28.000Z,2023-05-11T15-55-40
37,"I'm claiming testnet tokens for @10KSwap, an open sourced AMM protocol built on StarkNet in Cairo. 
10KSwap mainnet has been launched: https://t.co/01hezwNtvm 

My Address: 0x6cf05c5f1de383ebb20eb7015b1fcfc3e4486fa321119a9800094332fcfb676

Testnet: https://t.co/FX3kxMnGvB",StarkNet CAIRO -is:reply -is:retweet,1655912415148781568,1368399453250551811,2023-05-09T12:27:39.000Z,2023-05-11T15-55-40
38,"Starknet æ—¥æŠ¥ - 304 
Starknet 5 æœˆ 9 æ—¥æœ€æ–°åŠ¨æ€ âœ¨

âœ…Â å‚ä¸ #StarkFighter å³å¯è·å¾— NFT 
âœ…Â Cairo 1.0 å¼€å‘è¿›å±•æ›´æ–° 
âœ…Â æ’åºå™¨ @MadaraStarknet æ–‡æ¡£å·²å‘å¸ƒ 
âœ…Â @avnu_fi å®£å¸ƒä¸ @SithSwap å…¨é¢æ•´åˆ

ğŸ¤– å…³æ³¨æˆ‘ï¼Œäº†è§£ #StarkNet æœ€æ–°åŠ¨æ€ https://t.co/8O08hXJKS6",StarkNet CAIRO -is:reply -is:retweet,1655873997102362625,1507010594758483982,2023-05-09T09:55:00.000Z,2023-05-11T15-55-40
39,"ğŸ˜StarkNet fact N6 ğŸ˜
With support for Solidity and other popular programming languages, Starknet is the perfect platform for developers looking to bring their ideas to life.
#Ethereum #dApps  #Starknet #Cairo #Solidity",StarkNet CAIRO -is:reply -is:retweet,1655863414474829824,1651595550226038786,2023-05-09T09:12:57.000Z,2023-05-11T15-55-40
40,"â€œã€ŒCairo 1.0 Slaying &amp; Testingã€ ğŸ› ï¸ğŸ”¥

è¿™æ˜¯ä¸€ä¸ªå…³äºCairo 1å’ŒStarknetæ™ºèƒ½åˆçº¦çš„å¤šç§æµ‹è¯•æ–¹å¼å’Œå·¥å…·çš„ç®€ä»‹ã€‚åŒæ—¶è¿˜ä¼šè¿›è¡Œä¸€ä¸ªç°åœºç¼–ç å¯¹å†³ï¼Œå¯¹ä»¥Cairo 1ç¼–å†™çš„ERC20æ™ºèƒ½åˆçº¦è¿›è¡Œæœ€ç»ˆæµ‹è¯•ã€‚â€œ https://t.co/rjePHBKr5l",StarkNet CAIRO -is:reply -is:retweet,1655860332915720192,1504416963803508737,2023-05-09T09:00:42.000Z,2023-05-11T15-55-40
41,"Cairo 1.0 å¼€å‘è¿›åº¦

å·²ç»å®Œæˆå¤šæ•° Cairo 0.x ç‰ˆæœ¬å¯¹ç­‰åŠŸèƒ½ï¼Œå¾ˆå¿« Cairo 1.0 å°±ä¼šå®ç°å…¨éƒ¨åŠŸèƒ½

https://t.co/5xhEmwOnn3

#Starknet https://t.co/rvQeh0g7gt",StarkNet CAIRO -is:reply -is:retweet,1655854568675344385,979572487359877120,2023-05-09T08:37:48.000Z,2023-05-11T15-55-40
42,"Cairo 1.0 Slaying &amp; Testing' ğŸ› ï¸ğŸ”¥

Rundown of diverse testing flavors and the tools to testing vanilla Cairo 1 and Starknet smart contracts. Plus a live coding showdown, putting an ERC20 smart contract penned in Cairo 1 to the ultimate test. 

https://t.co/2mbP9pzXFd",StarkNet CAIRO -is:reply -is:retweet,1655845186105225216,1463071986515599362,2023-05-09T08:00:31.000Z,2023-05-11T15-55-40
43,"I'm claiming testnet tokens for @10KSwap, an open sourced AMM protocol built on StarkNet in Cairo. 
10KSwap mainnet has been launched: https://t.co/FRA6o5FKaM 

My Address: 0x4dec464a45c37500e4c8232e35d8cf8e11a8ba9b02520ceab96c783112c21f

Testnet: https://t.co/F09yh8bRY6",StarkNet CAIRO -is:reply -is:retweet,1655838078307647488,1568687783538999296,2023-05-09T07:32:16.000Z,2023-05-11T15-55-40
44,"I'm claiming testnet tokens for @10KSwap, an open sourced AMM protocol built on StarkNet in Cairo. 
10KSwap mainnet has been launched: https://t.co/jo9REOZcQN 

My Address: 0x3de8c3b97891a333fbca8ef084908e6ba121608e704e16bc18268f425ba4a08

Testnet: https://t.co/uMekyTIij7",StarkNet CAIRO -is:reply -is:retweet,1655819842539192320,1113764877582110720,2023-05-09T06:19:48.000Z,2023-05-11T15-55-40
45,"âš¡ï¸ #StarkNetDev ğŸ¤–

åŸºäº @nethermindeth Warp è½¬è¯‘å™¨çš„ VSCode æ‰©å±• WarpVS

ä¸€é”®å°†ä»¥å¤ªåŠ Solidity æ™ºèƒ½åˆçº¦è½¬è¯‘ä¸º Starknet Cairo 1.0 åˆçº¦

h/t: @The_E_Santos

ä»£ç åº“
https://t.co/dCrWwm4agg",StarkNet CAIRO -is:reply -is:retweet,1655798500062552070,1507010594758483982,2023-05-09T04:55:00.000Z,2023-05-11T15-55-40
46,"â€œã€ŠCairo 1.0 Unleashedã€‹ğŸ’»ğŸŒ

åœ¨æœ¬æ¬¡èšä¼šä¸Šï¼Œæˆ‘ä»¬æ·±å…¥ç ”ç©¶äº†Cairo 0çš„é™åˆ¶ä»¥åŠCairo 1è¯ç”ŸèƒŒåçš„åŠ¨åŠ›ã€‚

æˆ‘ä»¬æ¢è®¨äº†Sierraåœ¨å¡‘é€ å®‰å…¨çš„Cairoæ±‡ç¼–ä¸­çš„å…³é”®ä½œç”¨ï¼Œå¹¶ä»”ç»†ç ”ç©¶äº†Cairo 1çš„ç‹¬ç‰¹è¯­æ³•å’ŒæŠ€èƒ½ã€‚â€œ https://t.co/zv8PuGSlVa",StarkNet CAIRO -is:reply -is:retweet,1655754079963062288,1504416963803508737,2023-05-09T01:58:29.000Z,2023-05-11T15-55-40
47,"I'm claiming testnet tokens for @10KSwap, an open sourced AMM protocol built on StarkNet in Cairo. 
10KSwap mainnet has been launched: https://t.co/QJVbq8bLjj 

My Address: 0x27f03d5f0e2ed95006abe9a724d7823962e6ecebba97cc17d820aca23e80954

Testnet: https://t.co/NUv3xloRMH",StarkNet CAIRO -is:reply -is:retweet,1655705463340556291,1271565681797062657,2023-05-08T22:45:18.000Z,2023-05-11T15-55-40
48,"I'm claiming testnet tokens for @10KSwap, an open sourced AMM protocol built on StarkNet in Cairo. 
10KSwap mainnet has been launched: https://t.co/olcW272ZQf 

My Address: 0x113ebc60623f077e045a496f9e055c4da25eb078f02a84fa2c85fb9528c6195

Testnet: https://t.co/LG0lQv8WED",StarkNet CAIRO -is:reply -is:retweet,1655702982313295872,1645792758999957506,2023-05-08T22:35:27.000Z,2023-05-11T15-55-40
49,"I'm claiming testnet tokens for @10KSwap, an open sourced AMM protocol built on StarkNet in Cairo. 
10KSwap mainnet has been launched: https://t.co/hlt5hKuv3p 

My Address: 0x2c3f044951c959b91ee7d69364641ebb7235ebc81a513ac70c450fca01e5d46

Testnet: https://t.co/PCNxz88ZHh",StarkNet CAIRO -is:reply -is:retweet,1655671297311907844,1471617931834535946,2023-05-08T20:29:32.000Z,2023-05-11T15-55-40
50,"ğŸ‰We updated Chapter 10 of WTF Cairo: Mappings and Other Types. 
You can create a mapping to record account balances using LegacyMap. Unlike Solidity, Cairo does not natively support address types, so you need to import it. #Starknet
https://t.co/49E6EKlotD https://t.co/54E5kqQObm",StarkNet CAIRO -is:reply -is:retweet,1655630924950949890,1576206809894748160,2023-05-08T17:49:07.000Z,2023-05-11T15-55-40
51,"æˆ‘æ›´æ–°äº† WTF Cairo ç¬¬10è®²: Mappingå’Œå…¶ä»–ç±»å‹
Cairo æ”¯æŒ Mappingï¼ˆæ˜ å°„ï¼‰ï¼Œä½ å¯ä»¥é€šè¿‡ LegacyMap åˆ›å»ºä¸€ä¸ªè®°å½•è´¦æˆ·ä½™é¢çš„æ˜ å°„ã€‚
ä¸ Solidity ä¸åŒï¼ŒCairo ä¸åŸç”Ÿæ”¯æŒåœ°å€ç±»å‹ï¼Œä½ éœ€è¦é€šè¿‡ use starknet::ContractAddress; å¼•å…¥å®ƒã€‚
@WTFAcademy_ #Starknet 
https://t.co/tLVCGjrYnb https://t.co/zbytmGeI6e https://t.co/74jZqZCpuk",StarkNet CAIRO -is:reply -is:retweet,1655625060730966016,1456122941192605705,2023-05-08T17:25:49.000Z,2023-05-11T15-55-40
52,"Recap de Pioneros @Starknet (basecamp en espaÃ±ol) ğŸš€

1ï¸âƒ£  En la primera clase, vimos los bÃ¡sicos de Cairo junto a @0xVato para poder crear nuestro primer contrato con @Starknet.

Repo: https://t.co/dlNogUGPR4

ğŸ“¹ Video de la clase:
https://t.co/HD2JFHqrDU

1/ https://t.co/cGIfiTNxvh",StarkNet CAIRO -is:reply -is:retweet,1655608293673566208,1532109412441145345,2023-05-08T16:19:11.000Z,2023-05-11T15-55-40
53,"I'm claiming testnet tokens for @10KSwap, an open sourced AMM protocol built on StarkNet in Cairo. 
10KSwap mainnet has been launched: https://t.co/n4acr3rKBO 

My Address: 0x62879eedb9a025b2a02fd41c34a2c595a926e58a32bcdb7bdaed30d794f66c0

Testnet: https://t.co/5KPDstZ9CC",StarkNet CAIRO -is:reply -is:retweet,1655597839773466629,1171122967679340544,2023-05-08T15:37:39.000Z,2023-05-11T15-55-40
54,"Iâ€™m very glad to announce the WarpVS extension a VSCode extension based on Warp transpiler from @nethermindeth , It transpiles Ethereum Solidity smart contracts to @Starknet  Cairo-1.0 Contracts with just one click. https://t.co/35DpobkNHc",StarkNet CAIRO -is:reply -is:retweet,1655577466805649409,1396588577530781702,2023-05-08T14:16:41.000Z,2023-05-11T15-55-40
55,"ğŸ¤“ StarkNet Fact N5 ğŸ¤“
Whether you're a seasoned developer or just getting started, Starknet's user-friendly tools and resources make it easy to start building decentralized applications.
#Cairo #dApps #blockchain  #Starknet",StarkNet CAIRO -is:reply -is:retweet,1655542722302812162,1651595550226038786,2023-05-08T11:58:38.000Z,2023-05-11T15-55-40
56,"There are 2 types of people:

1) People sleeping on #StarkNet
2) Cairo Pharaohs https://t.co/nXhFPySqNB",StarkNet CAIRO -is:reply -is:retweet,1655542378936295425,1525438686586085377,2023-05-08T11:57:16.000Z,2023-05-11T15-55-40
57,"I'm claiming testnet tokens for @10KSwap, an open sourced AMM protocol built on StarkNet in Cairo. 
10KSwap mainnet has been launched: https://t.co/SIiIa1stz4 

My Address: 0x331b23fff7780b368a31d6bc80da10c5cd8b23f2d6ebf069694121690a8b081

Testnet: https://t.co/tUopGRd76N",StarkNet CAIRO -is:reply -is:retweet,1655535021774581762,1535512333606342656,2023-05-08T11:28:02.000Z,2023-05-11T15-55-40
58,"Starknet 0.11 and Cairo 1.0. Pretty enchanced by dev for new experience, fast performing improve, secure, and efficient ETH solutions.
Follow CDP platform and try alpha @nostrafinance and #starknet",StarkNet CAIRO -is:reply -is:retweet,1655483883507556353,985350698043764736,2023-05-08T08:04:49.000Z,2023-05-11T15-55-40
59,I've made my first PR to Cairo 1. ğŸš€ğŸš€ #Starknet https://t.co/8BluUnVAPc,StarkNet CAIRO -is:reply -is:retweet,1655473648117972995,122099247,2023-05-08T07:24:09.000Z,2023-05-11T15-55-40
60,"The video recording of our @Starknet Nairobi Bootcamp #3 is now available on YouTube

@OFFICIAL_AM_C_C went through Starklings exercises and explained some core concepts in Cairo 1.0

Link to class â¤µï¸
ğŸ”—https://t.co/0fqzd09hmW https://t.co/7rLCD4wZNA",StarkNet CAIRO -is:reply -is:retweet,1655472278744825856,1531242020110487552,2023-05-08T07:18:43.000Z,2023-05-11T15-55-40
61,"âš¡ï¸ #StarkNetDev ğŸ¤–

Cairoã€Starknetã€Rust æ–‡æ¡£çŸ¥è¯†é—®ç­” ğŸ“š
å¸®åŠ©å¼€å‘è€…å’Œ Cairo åˆå­¦è€…ç­”ç–‘è§£æƒ‘ï¼Œè®©ä½ çš„å¼€å‘æ›´è½»æ¾

è¿™æ˜¯ @0xasten æ–°é¡¹ç›®ï¼Œç›®å‰æ­£åœ¨å†…æµ‹é˜¶æ®µ

ğŸ”§ è¯¥åˆ›æ–°é¡¹ç›®é‡‡ç”¨äº† @LangChainAI å’Œ #Milvus å·¥å…·
ğŸ“ å‘ç° STARK å®‡å®™ï¼Œå…³æ³¨æ›´å¤šæ›´æ–° â¬‡ï¸ https://t.co/1h39N5mzQe",StarkNet CAIRO -is:reply -is:retweet,1655433657581195265,1507010594758483982,2023-05-08T04:45:15.000Z,2023-05-11T15-55-40
62,"âš¡ï¸#StarkNetDevğŸ¤–

ç”±ç¤¾åŒºæˆå‘˜å…±åŒåˆ¶ä½œçš„ Starknet ä¹‹ä¹¦å…¬å¸ƒç« èŠ‚å†…å®¹ğŸ“š
https://t.co/gaxYAamE9w

ğŸ”ç¬¬ä¸€ç« ï¼šå…¥é—¨å‡†å¤‡
ğŸ”¹#Starknet ç¬¬ä¸€æ­¥
ğŸ”¹å®‰è£…å¼€å‘ç¯å¢ƒï¼šDocker è®¾ç½®æ•™ç¨‹

ğŸ”ç¬¬äºŒç« ï¼šCairo æ™ºèƒ½åˆçº¦
ğŸ”¹å¼€å¯ç¬¬ä¸€ä¸ª Cairo å’Œ Starknet åˆçº¦
ğŸ”¹åˆçº¦ç¤ºä¾‹ï¼šæŠ•ç¥¨åˆçº¦å’Œ PokÃ©mon åˆçº¦
ğŸ”¹éƒ¨åˆ†å†…å®¹æœªå®Œå¾…ç»­",StarkNet CAIRO -is:reply -is:retweet,1655430881107120131,1507010594758483982,2023-05-08T04:34:13.000Z,2023-05-11T15-55-40
63,"ğŸ‘©ğŸ½â€ğŸš€ #StarkNetEco ğŸ‘¨ğŸ½â€ğŸš€

@reddio_com æ•™ç¨‹ï¼šä½¿ç”¨ Cairo 1.0 ç¼–å†™ ERC721 åˆçº¦ ğŸ‘¨â€ğŸ’»

ğŸ” äº†è§£ Cairo å’Œ Solidity æ¥é¾™å»è„‰ï¼Œæ·±å…¥æ¢ç´¢ä»¥å¤ªåŠä¸Šçš„ #NFT ä¸–ç•Œ
https://t.co/vtsUK0xEZU

https://t.co/0TrhlXvUFv",StarkNet CAIRO -is:reply -is:retweet,1655419900461211651,1507010594758483982,2023-05-08T03:50:35.000Z,2023-05-11T15-55-40
64,"ğŸ’¸Reaping the Benefits of Economical On-Chain DatağŸ’¸
ğŸªEconomical on-chain data: By posting only state change summaries and validity proofs on-chain, validity rollups reduce data storage and offer an economic advantage over optimistic rollups
#Starknet #StarkLaunch #Cairo https://t.co/mQyvtGmYF8",StarkNet CAIRO -is:reply -is:retweet,1655416929207877638,1640973285554024448,2023-05-08T03:38:46.000Z,2023-05-11T15-55-40
65,"ğŸ”† #StarkEvent ğŸ“…

#Starknet Meetup ä¸‹ä¸€ç«™æ¥å•¦ï¼å¢¨è¥¿å“¥åšå¥½å‡†å¤‡ ğŸ‰

âœ¨åŠ å…¥èšä¼šï¼Œæ¢ç´¢å­¦ä¹ ï¼Œæˆä¸º STARK ä¸“å®¶
ğŸ¤”Cairo 1.0
ğŸ”§Starknet JS
ğŸŒåŒºå—é“¾ç½‘ç»œ
ä¸€ç³»åˆ—æ´»åŠ¨ç­‰ä½ å‚ä¸ğŸ¤©

ğŸ“… 5 æœˆ 28 æ—¥æ—© 7 ç‚¹è‡³ä¸­åˆ 12 ç‚¹ï¼ˆUTC+8ï¼‰
ğŸ”— æŠ¥åå‚ä¸å¢¨è¥¿å“¥çº¿ä¸‹èšä¼šå§ï¼
https://t.co/n419Xb2CMu https://t.co/UOZGV8hK74",StarkNet CAIRO -is:reply -is:retweet,1655407837013766144,1507010594758483982,2023-05-08T03:02:38.000Z,2023-05-11T15-55-40
66,"è¿™ä¹ˆæç«¯çš„åœŸç‹—è¡Œæƒ…çœŸæ˜¯è®©äººç–²æƒ«ã€‚
è¿˜æ˜¯å›å½’æŠ€æœ¯ï¼Œ è¿™äº›å¤©ï¼Œfoundry, å‰ç«¯, starknetçš„cairoç­‰éƒ½æèµ·æ¥ã€‚ä¸€åˆ‡æœç€å¼€å‘ä¸€æ¬¾ç‰›é€¼dappæ–¹å‘å·©å›ºæŠ€æœ¯ã€‚",StarkNet CAIRO -is:reply -is:retweet,1655405005653020672,4148970074,2023-05-08T02:51:23.000Z,2023-05-11T15-55-40
67,"I'm claiming testnet tokens for @10KSwap, an open sourced AMM protocol built on StarkNet in Cairo. 
10KSwap mainnet has been launched: https://t.co/u6crd3s1WA 

My Address: 0x5b47d46f43d96884b202a66d6ce72e1d31bcee4852303ef7479cd08e6e688d8

Testnet: https://t.co/FWEC9nJmcY",StarkNet CAIRO -is:reply -is:retweet,1655344276941750272,4876929573,2023-05-07T22:50:05.000Z,2023-05-11T15-55-40
68,"I'm claiming testnet tokens for @10KSwap, an open sourced AMM protocol built on StarkNet in Cairo. 
10KSwap mainnet has been launched: https://t.co/u6crd3s1WA 

My Address: 0x50baa4426e354df65950b4dcf3229654c36931e0b1492b793aabbfc15995943

Testnet: https://t.co/FWEC9nJmcY",StarkNet CAIRO -is:reply -is:retweet,1655343616510894081,4876929573,2023-05-07T22:47:27.000Z,2023-05-11T15-55-40
69,"I'm claiming testnet tokens for @10KSwap, an open sourced AMM protocol built on StarkNet in Cairo. 
10KSwap mainnet has been launched: https://t.co/UUWtC8o6kp 

My Address: 0x27c66ed117928eb76044aa68acc0fa6e4ef9446bdc1d2730bbae4a925bc5192

Testnet: https://t.co/WFybS1zEMe",StarkNet CAIRO -is:reply -is:retweet,1655301980938555398,1653841683967094787,2023-05-07T20:02:00.000Z,2023-05-11T15-55-40
70,"ğŸ§µRecap of the Previous Day on #Starknet ğŸ§µ

May 6-7 (Weekend Edition)

- The Power of Cheap Computation ğŸª„ğŸ–¥ï¸ğŸª„

- Starknet Events-tracker website ğŸ“œğŸŒğŸŒğŸ“œ

- AI tool to boost knowledge around Cairo 1.0ğŸ¤– https://t.co/Cm6Mbx8a7N",StarkNet CAIRO -is:reply -is:retweet,1655283770394656773,1489498059042172931,2023-05-07T18:49:39.000Z,2023-05-11T15-55-40
71,"â€œå¢¨è¥¿å“¥å·²ç»å‡†å¤‡å°±ç»ªï¼ğŸ‡²ğŸ‡½

æˆ‘ä»¬å°†åœ¨å¢¨è¥¿å“¥åŸä¸¾åŠæˆ‘ä»¬çš„ç¬¬ä¸€æ¬¡èšä¼šï¼è¯·åŠ å…¥æˆ‘ä»¬ï¼Œå­¦ä¹ æˆä¸ºSTARKå¤§å¸ˆæ‰€éœ€çš„ä¸€åˆ‡çŸ¥è¯†ğŸ§ âœ¨ 
âœ… Cairo 1.0 
âœ… StarkNet JS 
âœ… ç½‘ç»œæŠ€æœ¯ 
âœ… è¿˜æœ‰æ›´å¤šæœ‰è¶£çš„å†…å®¹ï¼

å¢¨è¥¿å“¥åŸ 
5æœˆ27æ—¥ï¼Œä¸‹åˆ5ç‚¹

ä»¥ä¸‹æ˜¯æ›´å¤šä¿¡æ¯ â†˜ï¸â€œ https://t.co/b7Z0cQnM15",StarkNet CAIRO -is:reply -is:retweet,1655163386722926593,1504416963803508737,2023-05-07T10:51:17.000Z,2023-05-11T15-55-40
72,"â€œæƒ³è¦ä½¿ç”¨Cairo 1.0æ¥åˆ›å»ºERC721åˆçº¦å—ï¼Ÿ

è¯·çœ‹çœ‹è¿™ä¸ªç”±@reddio_comåˆ¶ä½œçš„éå¸¸æ£’çš„æ•™ç¨‹ï¼ğŸ¨ğŸ–¥ï¸

ä»ä¸­å­¦ä¹ Cairoä¸Solidityçš„åŒºåˆ«ï¼Œæ·±å…¥æ¢ç´¢ä»¥å¤ªåŠä¸Šçš„NFTä¸–ç•Œã€‚

ä¸€èµ·å¼€å§‹å§ï¼â€œ
https://t.co/YKaWQDiTmf https://t.co/wUa6W8hrRU",StarkNet CAIRO -is:reply -is:retweet,1655160485434757120,1504416963803508737,2023-05-07T10:39:45.000Z,2023-05-11T15-55-40
73,"StarkNet is the most promising and advanced L2 on Ethereum. Unlike other L2s, StarkNet is not EVM-compatible and writes contracts in Cairo.

Other L2s sacrificed long-term benefits for short-term gains by forcing to be EVM-compatible and sticking with Solidity.",StarkNet CAIRO -is:reply -is:retweet,1655147627355201542,1266224181064216577,2023-05-07T09:48:40.000Z,2023-05-11T15-55-40
74,"Mexico, get ready! ğŸ‡²ğŸ‡½

We're hosting our very first meetup in Mexico City! Join us to learn everything you need to become a STARK master ğŸ§ âœ¨
âœ… Cairo 1.0
âœ… StarkNet JS
âœ… Networking
âœ… And much more fun!

Mexico City
May 27th, 5:00 PM

More info below â†˜ï¸ https://t.co/3YJRj5tuem",StarkNet CAIRO -is:reply -is:retweet,1655123514511458311,953893947822280704,2023-05-07T08:12:51.000Z,2023-05-11T15-55-40
75,"If you missed your chance to register for the ongoing Basecamp cohort to learn all about Starknet, Cairo and STARKs, you can still watch the recordings of the sessions.

I'll keep updating this thread with new recordings as we make progress in the course.",StarkNet CAIRO -is:reply -is:retweet,1655044566666412032,80131895,2023-05-07T02:59:08.000Z,2023-05-11T15-55-40
76,"Check out this item on MintSquare - Cairo Wolves #53 https://t.co/VyL9TWfppw via @MintSquareNFT 

This is so me",StarkNet CAIRO -is:reply -is:retweet,1654955041856405505,1445872608935768069,2023-05-06T21:03:24.000Z,2023-05-11T15-55-40
77,"I'm claiming testnet tokens for @10KSwap, an open sourced AMM protocol built on StarkNet in Cairo. 
10KSwap mainnet has been launched: https://t.co/cUo64ireZe 

My Address: 0x36f70f8733c411c2426ff9a6383aa5f793cce177c28a7904cab3ad8068d3b99

Testnet: https://t.co/UPGLb25cx0",StarkNet CAIRO -is:reply -is:retweet,1654888558753202177,1350456253236043776,2023-05-06T16:39:13.000Z,2023-05-11T15-55-40
78,"Thanks for the highlight @Starknet ! We are also working for an awesome tool if you were missing it: #GPT powered tool to convert #solidity to #Cairo instantly, we invite Cairo developers join our beta testing, register here https://t.co/s2FW38eDnP https://t.co/39selTy0yL https://t.co/lGsyjRZVTi",StarkNet CAIRO -is:reply -is:retweet,1654843039448432642,1444892527887204352,2023-05-06T13:38:20.000Z,2023-05-11T15-55-40
79,"I'm claiming testnet tokens for @10KSwap, an open sourced AMM protocol built on StarkNet in Cairo. 
10KSwap mainnet has been launched: https://t.co/HGe5xxP61f 

My Address: 0x5495ce31e48be42dea4e8f4e58417f627bc5c4a7e7c525a1efc66ca225b0b1

Testnet: https://t.co/oRJZKxyAlk",StarkNet CAIRO -is:reply -is:retweet,1654819945396727808,1373779892492509186,2023-05-06T12:06:34.000Z,2023-05-11T15-55-40
80,"I am able to write #Starknet smart contract in Cairo 1.0 thanks to @0xasten 

@Starknet @GuthL https://t.co/yNwflCLWM6 https://t.co/DYdBEYCutD",StarkNet CAIRO -is:reply -is:retweet,1654799261182353409,979572487359877120,2023-05-06T10:44:23.000Z,2023-05-11T15-55-40
81,"Lambda Classå›¢é˜Ÿåœ¨è¿‡å»çš„è¿™æ®µæ—¶é—´ä¸­ä¸€ç›´è‡´åŠ›äºå¯¹Cairo 1.0çš„æ”¯æŒå’ŒLambdaWorks STARKéªŒè¯å™¨çš„æ”¹è¿›ã€‚

è®©æˆ‘ä»¬æ·±å…¥äº†è§£ä¸‹ä»–ä»¬åœ¨Starknetä¸Šå®Œæˆçš„å“è¶Šå·¥ä½œå§ğŸ‘‡ https://t.co/Fhw5ksjXPx",StarkNet CAIRO -is:reply -is:retweet,1654798954469670912,1504416963803508737,2023-05-06T10:43:10.000Z,2023-05-11T15-55-40
82,Headstart with Starknet &amp; Cairo  #KeepStarknetStrange #SterknetIndia @PhoenixGuildHQ @tpg_pune https://t.co/oZCzJS91TZ,StarkNet CAIRO -is:reply -is:retweet,1654749054784643072,1482339866486931456,2023-05-06T07:24:53.000Z,2023-05-11T15-55-40
83,"Join us for the exciting kickoff of #StarknetConnect Chennai, presented in partnership with @TPG_Chennai at @iitmadras and @guviofficial ! 

Don't miss this opportunity to learn all about #ZKP and how to build on @Starknet with #Cairo 1 

#KeepStarknetStrange https://t.co/356k5gVUzn",StarkNet CAIRO -is:reply -is:retweet,1654727470590070790,1479033772091719682,2023-05-06T05:59:06.000Z,2023-05-11T15-55-40
84,"âš¡ï¸ #StarkNetDev ğŸ¤–

é€Ÿè§ˆ @ClassLambda åœ¨æœ¬å‘¨éƒ½å–å¾—äº†å“ªäº›å¼€å‘è¿›å±•ï¼Ÿ

ğŸ”µ Cairo rs 
ğŸŸ  StarkNet in Rust 
âšª Sierra 2 MLIR 
ğŸ”´ LambdaWorks è¯æ˜å™¨",StarkNet CAIRO -is:reply -is:retweet,1654708146231992322,1507010594758483982,2023-05-06T04:42:19.000Z,2023-05-11T15-55-40
85,"âš¡ï¸ #StarkNetDev ğŸ¤–

å¿«æ¥ç¼–å†™ä½ çš„ç¬¬ä¸€ä»½ #CairoLang æ™ºèƒ½åˆçº¦å§ï¼ğŸ‘‡
https://t.co/i1hRLvAZJN

h/t @Web3Hubs å’Œ @_HerDAO æˆå‘˜ @espejelomar
https://t.co/FrcA922a0j",StarkNet CAIRO -is:reply -is:retweet,1654705799682473989,1507010594758483982,2023-05-06T04:33:00.000Z,2023-05-11T15-55-40
86,"ğŸš€ Exciting news! I am internally testing my new ""Question Answering Over #Cairo #Starknet #Rust  Docs"" project.  

ğŸ‰ This innovative tool leverages @LangChainAI and #Milvus

Making knowledge discovery a breeze! Stay tuned for more updates. 

@Starknet @StarkNet_ZH https://t.co/hrvFAsbbjD",StarkNet CAIRO -is:reply -is:retweet,1654698327097872384,1459557999798743047,2023-05-06T04:03:18.000Z,2023-05-11T15-55-40
87,"ğŸ‘©ğŸ½â€ğŸš€ #StarkNetEco ğŸ‘¨ğŸ½â€ğŸš€

å›é¡¾ @OmniFDN å’Œ @StarkWareLtd AMA ä¼šè®®çš„æ–‡å­—ç‰ˆè®°å½• ğŸ™ï¸

ğŸ’¡ #Starknet å¦‚ä½•åˆ©ç”¨ Omni å¼•å…¥æ›´å¤šæµåŠ¨æ€§ï¼ŒåŒæ—¶å…¼é¡¾ Cairo ä¼˜åŠ¿

æŸ¥çœ‹å®Œæ•´ AMA ä¼šè®®å†…å®¹æ•´ç† â¬‡ï¸
https://t.co/60kc6YUat5",StarkNet CAIRO -is:reply -is:retweet,1654695314312556544,1507010594758483982,2023-05-06T03:51:20.000Z,2023-05-11T15-55-40
88,"I'm claiming testnet tokens for @10KSwap, an open sourced AMM protocol built on StarkNet in Cairo. 
10KSwap mainnet has been launched: https://t.co/nnh5iquUol 

My Address: 0x2616145c37880e3130df46b034c42c5ca5afbbf5a2275edd967fd3fc18a79dc

Testnet: https://t.co/t9vFN39YPJ",StarkNet CAIRO -is:reply -is:retweet,1654632745430323202,1566287417295876096,2023-05-05T23:42:42.000Z,2023-05-11T15-55-40
89,"I'm claiming testnet tokens for @10KSwap, an open sourced AMM protocol built on StarkNet in Cairo. 
10KSwap mainnet has been launched: https://t.co/nnh5iquUol 

My Address: 0x2449a95ab7e550db966aeb55cc3a401efb05db2bbd279eada5d0b17048e5d85

Testnet: https://t.co/t9vFN39YPJ",StarkNet CAIRO -is:reply -is:retweet,1654632537816436736,1566287417295876096,2023-05-05T23:41:53.000Z,2023-05-11T15-55-40
90,"I'm claiming testnet tokens for @10KSwap, an open sourced AMM protocol built on StarkNet in Cairo. 
10KSwap mainnet has been launched: https://t.co/IhcB7TAtGL 

My Address: 0x6d0cb3f74b64cac3dcef91724daea4605e0eda766364e788ab530d55f919547

Testnet: https://t.co/1vnfrxInTm",StarkNet CAIRO -is:reply -is:retweet,1654627814375849985,1637728866876932096,2023-05-05T23:23:07.000Z,2023-05-11T15-55-40
91,"I'm claiming testnet tokens for @10KSwap, an open sourced AMM protocol built on StarkNet in Cairo. 
10KSwap mainnet has been launched: https://t.co/IhcB7TAtGL 

My Address: 0x25ef5a8c191d600dd571684bf3e6fe5ed68acaefd3757debee24d7a2bb6c214

Testnet: https://t.co/1vnfrxInTm",StarkNet CAIRO -is:reply -is:retweet,1654627693521149952,1637728866876932096,2023-05-05T23:22:38.000Z,2023-05-11T15-55-40
92,"I'm claiming testnet tokens for @10KSwap, an open sourced AMM protocol built on StarkNet in Cairo. 
10KSwap mainnet has been launched: https://t.co/MpELYmzucX 

My Address: 0x70e30872ab34139400d941b2902bd0220b292eeaf6949471908ebaa785530b4

Testnet: https://t.co/cS6DSy3Fa5",StarkNet CAIRO -is:reply -is:retweet,1654623506418761729,1567787060639203330,2023-05-05T23:06:00.000Z,2023-05-11T15-55-40
93,"I'm claiming testnet tokens for @10KSwap, an open sourced AMM protocol built on StarkNet in Cairo. 
10KSwap mainnet has been launched: https://t.co/MpELYmzucX 

My Address: 0x6fa33f40d81bbb35c0cb8ab5ec3299dd00af05c5a988eab710e11b4f3b07b87

Testnet: https://t.co/cS6DSy3Fa5",StarkNet CAIRO -is:reply -is:retweet,1654623250759172097,1567787060639203330,2023-05-05T23:04:59.000Z,2023-05-11T15-55-40
94,"1/12 In the past few weeks, weâ€™ve been busy adding support for Cairo 1.0 to our projects and improving the LambdaWorks STARK prover

ğŸ”µ Cairo rs
ğŸŸ  StarkNet in Rust
âšª Sierra 2 MLIR
ğŸ”´ LambdaWorks Prover

Let's dive into the details! https://t.co/aD0m81vbRv",StarkNet CAIRO -is:reply -is:retweet,1654607398999408643,1067470728486895616,2023-05-05T22:01:59.000Z,2023-05-11T15-55-40
95,"Missed our AMA on Wednesday with @StarkWareLtd? Here's a recap covering how Starknet will leverage Omni to pull in more liquidity while retaining the performance advantages of Cairo

https://t.co/35Oc0pC0BF https://t.co/sFmxLOO8fg",StarkNet CAIRO -is:reply -is:retweet,1654492483466801154,1400661553750368256,2023-05-05T14:25:21.000Z,2023-05-11T15-55-40
96,"Missed our AMA Wednesday with @StarkWareLtd? Here's a recap covering how Starknet will leverage Omni to pull in more liquidity while retaining the performance advantages of Cairo

https://t.co/35Oc0pC0BF https://t.co/AkcpDEPZJI",StarkNet CAIRO -is:reply -is:retweet,1654492394287398914,1400661553750368256,2023-05-05T14:25:00.000Z,2023-05-11T15-55-40
97,"Missed our AMA yesterday with @StarkWareLtd? Here's a recap covering how Starknet will leverage Omni to pull in more liquidity while retaining the performance advantages of Cairo

https://t.co/35Oc0pC0BF https://t.co/4s2SE26So2",StarkNet CAIRO -is:reply -is:retweet,1654491628990607370,1400661553750368256,2023-05-05T14:21:57.000Z,2023-05-11T15-55-40
98,"I'm claiming testnet tokens for @10KSwap, an open sourced AMM protocol built on StarkNet in Cairo. 
10KSwap mainnet has been launched: https://t.co/Nulnje5tT1 

My Address: 0x5d00a2a2a01c9e4eb90097d81d83ae96fad8487259f3898bc57a0b0a3bfa922

Testnet: https://t.co/Jwy8zyX5xB",StarkNet CAIRO -is:reply -is:retweet,1654471994241581061,1363828012001726468,2023-05-05T13:03:56.000Z,2023-05-11T15-55-40
